number,value,datetime_start,datetime_complete,duration,params_gamma,params_lr,params_n_layer,params_wd,params_λ_boundary,params_λ_forward,params_λ_inverse,params_λ_latent,params_λ_pad,user_attrs_test_curve,user_attrs_train_curve,state
0,0.03595238924026489,2025-06-13 13:49:41.090560,2025-06-13 13:51:53.188610,0 days 00:02:12.098050,0.9732184394670027,0.0011863746916334313,3,0.00010919470279424932,0.006608087874024033,0.22493553784527182,0.6257991814157169,0.005657282162629093,0.0014970429313997773,"[[0.02472404 0.02788359 0.00140825 0.0002422  0.00234416 0.05660223]
 [0.02302129 0.0239673  0.00099955 0.00025163 0.00207832 0.05031809]
 [0.02184653 0.02120443 0.00083522 0.00026965 0.00195465 0.04611048]
 [0.02165163 0.01926086 0.00076279 0.00028979 0.00183473 0.0437998 ]
 [0.02254293 0.02028844 0.00068874 0.00030152 0.0018114  0.04563304]
 [0.02114857 0.01246211 0.00061785 0.00031749 0.00174721 0.03629323]
 [0.02125061 0.0160283  0.00066981 0.00035347 0.00161984 0.03992203]
 [0.02094934 0.01237417 0.00067568 0.00036037 0.00159284 0.03595239]]","[[0.02363053 0.0363223  0.00121214 0.00024226 0.00232845 0.06373568]
 [0.02195893 0.02774586 0.00085139 0.00025142 0.00206529 0.0528729 ]
 [0.02076442 0.01594305 0.00075814 0.00026942 0.00194107 0.0396761 ]
 [0.0205544  0.01596369 0.00078506 0.00028927 0.00182659 0.03941901]
 [0.02148206 0.01535016 0.00069674 0.00030081 0.0018013  0.03963106]
 [0.01997726 0.01344788 0.00064816 0.0003169  0.00173842 0.03612863]
 [0.02006279 0.0150481  0.00065889 0.0003528  0.001613   0.03773559]
 [0.01989042 0.0128277  0.00070754 0.00035955 0.00158534 0.03537056]]",COMPLETE
1,0.5981540679931641,2025-06-13 13:51:53.188610,2025-06-13 13:55:11.947485,0 days 00:03:18.758875,0.961042353996442,0.0007871645084045833,5,2.225635012524908e-05,7.0325090744511005,0.06211311329383155,0.0011924159908509053,1.0242202281967365,0.2569177772598186,"[[0.01178808 0.00553139 0.07342092 0.00623225 0.53031671 0.62728935]
 [0.0089374  0.00552871 0.06928042 0.00379755 0.52523267 0.61277676]
 [0.00817569 0.00552597 0.06164102 0.00322745 0.52474397 0.6033141 ]
 [0.00758732 0.00552375 0.06492884 0.00269004 0.52320695 0.60393691]
 [0.0072164  0.0055213  0.06850693 0.00252732 0.52305466 0.6068266 ]
 [0.00707281 0.00551911 0.05822508 0.00239809 0.52305597 0.59627104]
 [0.00695908 0.00551717 0.06489091 0.00225507 0.52271348 0.60233569]
 [0.0071492  0.00551494 0.05968981 0.00215845 0.52364165 0.59815407]]","[[0.01144697 0.0055671  0.07484247 0.00623216 0.52725542 0.6253441 ]
 [0.00857964 0.00556446 0.0715899  0.00378946 0.52215171 0.61167514]
 [0.00786026 0.00556185 0.06638893 0.00322655 0.52167726 0.60471487]
 [0.00724681 0.00555968 0.0574104  0.00268942 0.52013958 0.59304589]
 [0.00689413 0.00555729 0.06955877 0.00252776 0.51998806 0.60452604]
 [0.00674329 0.00555515 0.06151579 0.00239776 0.51999199 0.59620398]
 [0.00657561 0.00555323 0.06251214 0.00225468 0.51964527 0.59654093]
 [0.00677623 0.00555109 0.06627551 0.00215767 0.52057749 0.60133803]]",COMPLETE
2,0.7899291515350342,2025-06-13 13:55:11.947485,2025-06-13 13:57:52.543755,0 days 00:02:40.596270,0.9890982464586342,0.0002610911164145244,4,0.0002017259660696081,6.976522013790547,0.47939907041134905,0.8771348565184206,0.010764219677405448,0.0024108412595049283,"[[0.10071608 0.15592162 0.01653791 0.00869717 0.57775563 0.85962844]
 [0.07633204 0.16785802 0.01037199 0.00925148 0.57544142 0.83925498]
 [0.06582832 0.15847588 0.00911588 0.00865877 0.56916964 0.81124848]
 [0.06101506 0.12682861 0.00917153 0.00672376 0.55926967 0.76300865]
 [0.05964429 0.09438771 0.00989691 0.00664094 0.56644756 0.73701739]
 [0.058876   0.1084357  0.00869694 0.00679567 0.56237853 0.74518287]
 [0.05667437 0.09155942 0.00772798 0.00624476 0.54770178 0.70990831]
 [0.05746283 0.16545464 0.00805576 0.00578191 0.55317402 0.78992915]]","[[0.09760135 0.20516226 0.01601822 0.00871038 0.57467556 0.9021678 ]
 [0.07345778 0.12616977 0.00962839 0.00926232 0.57253122 0.79104948]
 [0.06313669 0.11134244 0.00846393 0.00864845 0.56592685 0.75751835]
 [0.05838065 0.29960817 0.00849512 0.00670032 0.55603266 0.92921692]
 [0.05724385 0.20685306 0.00912547 0.00661863 0.56328422 0.84312522]
 [0.0565556  0.14058658 0.00789719 0.00676639 0.55911738 0.77092314]
 [0.05442002 0.18979622 0.00722831 0.00622663 0.5442425  0.80191368]
 [0.05508697 0.29319075 0.00756122 0.00576546 0.5498234  0.9114278 ]]",COMPLETE
3,0.10722911357879639,2025-06-13 13:57:52.543755,2025-06-13 14:00:00.892980,0 days 00:02:08.349225,0.9641747758763032,0.0004431676326491547,3,0.0004473177258890532,0.9142660908777415,0.1500198730445305,0.033949276438266396,0.03362047157988745,0.013909437067745533,"[[0.0220197  0.01676163 0.00475917 0.01196837 0.07604511 0.13155398]
 [0.01956417 0.01496808 0.00420205 0.00861541 0.0748646  0.12221432]
 [0.01876083 0.01069956 0.00412724 0.00824414 0.07330995 0.11514172]
 [0.01809997 0.00924197 0.00398655 0.00811449 0.07456173 0.11400472]
 [0.01769438 0.01323716 0.00416643 0.00651868 0.07319673 0.11481338]
 [0.01785647 0.0093945  0.00406094 0.00680141 0.07220893 0.11032226]
 [0.01695931 0.0103992  0.00406366 0.00573853 0.07328022 0.11044092]
 [0.01663593 0.00829566 0.0040075  0.00653841 0.07175162 0.10722911]]","[[0.02111601 0.014905   0.00394331 0.01196844 0.07561555 0.12754831]
 [0.01874118 0.01292511 0.00404873 0.00861263 0.07446846 0.11879611]
 [0.017935   0.01000191 0.00364859 0.00819999 0.07291606 0.11270156]
 [0.0173141  0.00877465 0.00399474 0.00806598 0.07412573 0.11227521]
 [0.01692851 0.01118977 0.00351934 0.00647446 0.07278721 0.11089928]
 [0.01703865 0.0106954  0.00350641 0.00677303 0.07178169 0.10979519]
 [0.01620263 0.00993414 0.0037079  0.00569865 0.07279976 0.10834308]
 [0.01589839 0.00680666 0.00375826 0.00648624 0.07130899 0.10425853]]",COMPLETE
4,0.1491011679172516,2025-06-13 14:00:00.893981,2025-06-13 14:02:06.239486,0 days 00:02:05.345505,0.9937318329301237,0.0007603322274028687,3,0.00032506571536392335,0.047906291827562245,1.3741287568977831,1.085961996037285,0.04689661967445806,0.007999725230652153,"[[0.1381347  0.06286592 0.00677911 0.00170314 0.0132376  0.22272049]
 [0.13041337 0.03468868 0.005932   0.00170202 0.01165992 0.184396  ]
 [0.12415481 0.03913433 0.00568915 0.00178395 0.01049087 0.18125311]
 [0.12092915 0.04826514 0.00525087 0.00184116 0.00963483 0.18592116]
 [0.12020683 0.03784969 0.00501897 0.00200211 0.00924214 0.17431973]
 [0.11571398 0.02784049 0.0052751  0.00205404 0.00908705 0.15997067]
 [0.11532602 0.03021357 0.00548403 0.00215785 0.00865283 0.1618343 ]
 [0.11350298 0.02020488 0.00487994 0.00220338 0.00831001 0.14910117]]","[[0.13120399 0.04477812 0.00634652 0.0017024  0.01319951 0.19723055]
 [0.12328849 0.02775581 0.00512725 0.00170091 0.01160447 0.16947693]
 [0.11682218 0.03344676 0.0054321  0.00178319 0.01043316 0.16791737]
 [0.11322335 0.03626072 0.00480631 0.00184093 0.00958724 0.16571856]
 [0.11286253 0.03358246 0.00465788 0.00200135 0.0091954  0.16229962]
 [0.10760026 0.02327766 0.00467997 0.00205196 0.00902758 0.14663741]
 [0.10791537 0.02867545 0.00475385 0.00215525 0.00859355 0.15209346]
 [0.10621376 0.01892345 0.00419882 0.0022001  0.00825336 0.13978949]]",COMPLETE
5,0.586076021194458,2025-06-13 14:02:06.240484,2025-06-13 14:04:11.732601,0 days 00:02:05.492117,0.9952441689566309,0.0006547944571900948,3,3.8345654903089095e-05,2.9439428294209717,0.00634029953173869,0.10223060653179042,3.8152884503030924,0.01056048163274108,"[[0.00357493 0.03465816 0.30886328 0.01986829 0.25638434 0.62334901]
 [0.00292581 0.02910413 0.30182126 0.01332459 0.25049087 0.59766668]
 [0.00270304 0.03727724 0.30626789 0.00947122 0.23878153 0.5945009 ]
 [0.00256208 0.03467751 0.29103968 0.00831619 0.24024664 0.57684207]
 [0.00240581 0.03008904 0.26608795 0.00754648 0.24367937 0.54980862]
 [0.00237856 0.02158106 0.29972005 0.0069931  0.24418098 0.57485372]
 [0.00221893 0.02599814 0.29731849 0.00547276 0.23723933 0.56824768]
 [0.00218264 0.02252582 0.31978655 0.00505858 0.23652244 0.58607602]]","[[0.0035298  0.03823734 0.35415921 0.01967136 0.25493538 0.67053306]
 [0.00288097 0.03254713 0.27028194 0.01319959 0.24906094 0.56797057]
 [0.00265598 0.03310153 0.24495867 0.00940038 0.23746212 0.52757865]
 [0.00251944 0.03320706 0.25659671 0.00825024 0.23883957 0.53941298]
 [0.00236178 0.02654157 0.24166538 0.00746782 0.24225229 0.52028883]
 [0.00233588 0.0235416  0.23158984 0.00691551 0.24266297 0.50704581]
 [0.00217819 0.02406689 0.21770865 0.00540688 0.23578867 0.48514929]
 [0.002141   0.02449054 0.24157357 0.00500789 0.23510323 0.50831622]]",COMPLETE
6,0.2894265651702881,2025-06-13 14:04:11.733602,2025-06-13 14:07:48.556008,0 days 00:03:36.822406,0.9915080970285317,0.0003252906016989707,6,8.682293803941632e-06,0.0045151185965301675,0.009633714554840984,0.0018033229286589993,4.058997822594728,3.1344345190596123,"[[0.00619027 0.00865996 0.38097161 0.00979429 0.00183422 0.40745035]
 [0.00437718 0.00663782 0.35332838 0.02329636 0.00519605 0.3928358 ]
 [0.00342436 0.00530689 0.36007729 0.00633136 0.0011077  0.37624758]
 [0.0029744  0.00474863 0.31513664 0.00610622 0.00097173 0.32993764]
 [0.0026224  0.00453413 0.32167423 0.00553562 0.00093989 0.33530623]
 [0.00247034 0.00437253 0.33276418 0.0045974  0.00087669 0.34508112]
 [0.00226772 0.0033291  0.31241229 0.00429171 0.00096841 0.32326925]
 [0.00217289 0.00220566 0.28006104 0.00395709 0.00102988 0.28942657]]","[[0.00611615 0.00864196 0.33467889 0.0115738  0.00243114 0.36344191]
 [0.00429262 0.00659804 0.29846886 0.02641414 0.00760805 0.3433817 ]
 [0.00337044 0.00517375 0.30915448 0.02219543 0.00647976 0.34637386]
 [0.00290482 0.00457449 0.26392907 0.00610341 0.0009703  0.27848208]
 [0.00256469 0.00429825 0.26434368 0.00521733 0.00086954 0.27729347]
 [0.00241045 0.00410856 0.24280742 0.00459434 0.00087509 0.25479585]
 [0.00222397 0.00293114 0.2597208  0.00428808 0.00096615 0.27013013]
 [0.00209655 0.00187631 0.28612417 0.00395298 0.00102688 0.29507688]]",COMPLETE
7,0.3485212028026581,2025-06-13 14:07:48.556008,2025-06-13 14:11:25.161090,0 days 00:03:36.605082,0.9916011856062709,0.000288415031705468,6,3.278624067141545e-05,0.599862574796458,3.318366959552497,0.5084340248092701,0.0016394592147604017,0.17252621480562721,"[[0.32915634 0.04557879 0.00344601 0.0107077  0.08400028 0.47288913]
 [0.30002362 0.03789396 0.00255594 0.00612734 0.07886593 0.42546678]
 [0.28685892 0.03212098 0.00210658 0.00464729 0.07343569 0.39916945]
 [0.2819061  0.0271296  0.00176285 0.0040547  0.07428044 0.38913369]
 [0.26327777 0.0258283  0.0016656  0.00347319 0.07005471 0.36429957]
 [0.25769001 0.03075776 0.00152215 0.00327364 0.06800684 0.3612504 ]
 [0.25787437 0.02176736 0.00143574 0.00342701 0.06818637 0.35269085]
 [0.25493583 0.02390992 0.00131327 0.00315679 0.0652054  0.3485212 ]]","[[0.31369027 0.05676639 0.003242   0.01131078 0.09332192 0.47833139]
 [0.28363034 0.04985657 0.00237058 0.00613598 0.07855861 0.42055207]
 [0.26842514 0.03795943 0.00194379 0.0046412  0.07298148 0.38595104]
 [0.25775149 0.03716533 0.00157432 0.00404757 0.07374341 0.37428209]
 [0.2393667  0.03846931 0.00148994 0.00346287 0.0694924  0.35228121]
 [0.23203583 0.0484303  0.001396   0.00326249 0.06749463 0.35261926]
 [0.22471562 0.02492496 0.00129292 0.0034174  0.06773137 0.32208228]
 [0.21929528 0.03278878 0.00117939 0.00315312 0.06473715 0.3211537 ]]",COMPLETE
8,0.02352670021355152,2025-06-13 14:11:25.161090,2025-06-13 14:15:42.033770,0 days 00:04:16.872680,0.9744815067277669,0.0017941119187373335,5,0.0001620692804387754,0.007672059422918878,0.014930093612730495,0.5110674277538937,0.04826425521306597,0.5331517689762819,"[[0.00324976 0.03709029 0.00693262 0.00586176 0.00293584 0.05607026]
 [0.00265182 0.03172668 0.00557176 0.00435666 0.00267135 0.04697825]
 [0.00243784 0.01566558 0.00435875 0.00329743 0.00256692 0.02832652]
 [0.00249732 0.0157566  0.00559925 0.00316782 0.00243647 0.02945746]
 [0.00229971 0.01482144 0.00486507 0.00266005 0.00237608 0.02702235]
 [0.00230847 0.01405839 0.004806   0.00259037 0.00225576 0.02601898]
 [0.0023875  0.01408204 0.00550025 0.0027128  0.00220131 0.02688391]
 [0.00228744 0.01194661 0.00479182 0.00242393 0.00207691 0.0235267 ]]","[[0.00315297 0.02157024 0.00603934 0.00588146 0.00292774 0.03957175]
 [0.00256583 0.0207299  0.00439859 0.00436504 0.00266704 0.03472641]
 [0.00234804 0.01718061 0.00371585 0.00330111 0.00256302 0.02910864]
 [0.00240548 0.0180315  0.00506508 0.00316299 0.00243225 0.0310973 ]
 [0.00220607 0.0110728  0.00448599 0.0026574  0.00236984 0.0227921 ]
 [0.00222006 0.01077711 0.00452251 0.00258623 0.00224916 0.02235507]
 [0.0022973  0.01248306 0.00530682 0.00270728 0.00219371 0.02498817]
 [0.00219682 0.0120096  0.00362658 0.00242006 0.00206751 0.02232057]]",COMPLETE
9,0.04785910248756409,2025-06-13 14:15:42.034771,2025-06-13 14:17:48.912490,0 days 00:02:06.877719,0.9641441172922792,0.000267645410095562,3,0.0001593808706947376,0.05306921735496304,0.03301109818080308,1.4128083154720987,0.004736714732768651,0.22153097349181933,"[[0.01147284 0.07553378 0.00074584 0.01275772 0.01774531 0.1182555 ]
 [0.00847386 0.06469783 0.00051691 0.00694008 0.01504564 0.09567431]
 [0.0067795  0.05594812 0.00044481 0.00525618 0.01369397 0.08212259]
 [0.0061211  0.04509461 0.00059062 0.00459739 0.01285024 0.06925396]
 [0.00560321 0.04008233 0.00047692 0.00419627 0.01231807 0.0626768 ]
 [0.00533346 0.03831398 0.00053699 0.0040225  0.01175738 0.05996431]
 [0.00518811 0.03199127 0.00077799 0.00403724 0.01139322 0.05338783]
 [0.00492188 0.02751821 0.00055719 0.00380893 0.01105288 0.0478591 ]]","[[0.01125852 0.06496089 0.00060976 0.01277099 0.01768482 0.10728498]
 [0.00826289 0.07063518 0.00044201 0.00694523 0.0149973  0.10128261]
 [0.00655215 0.05303154 0.00044031 0.00525294 0.01364064 0.07891758]
 [0.00588625 0.04160148 0.0005239  0.00459156 0.01279704 0.06540023]
 [0.00537582 0.03760618 0.00047475 0.00418974 0.01225693 0.05990341]
 [0.00510953 0.03855107 0.00049925 0.00401399 0.01170226 0.0598761 ]
 [0.00497864 0.03464796 0.00079994 0.00403248 0.01132999 0.05578901]
 [0.004712   0.0300817  0.00052456 0.00380316 0.01098676 0.05010818]]",COMPLETE
10,0.08179578930139542,2025-06-13 14:17:48.913491,2025-06-13 14:28:15.871380,0 days 00:10:26.957889,0.9702424148227452,0.0025638572825523545,5,0.0004937374814890946,0.008101867037040975,0.01719530588516474,3.2091891538903727,0.022468929033908295,1.4530440578663106,"[[0.00479251 0.15015815 0.00539082 0.01906766 0.00302074 0.18242988]
 [0.00398304 0.12787206 0.00316239 0.01208352 0.00278834 0.14988934]
 [0.00344713 0.11798373 0.00304644 0.01064173 0.00264898 0.13776802]
 [0.0032407  0.11427703 0.00314548 0.00856041 0.0024705  0.13169414]
 [0.00304413 0.08691341 0.00266381 0.00820758 0.00237201 0.10320094]
 [0.00309497 0.07321189 0.00324227 0.00879171 0.00229619 0.09063704]
 [0.00299168 0.06362708 0.00351046 0.00756087 0.00220803 0.07989811]
 [0.00289693 0.06481849 0.00471491 0.00720332 0.00216215 0.08179579]]","[[0.00465405 0.13061488 0.00369754 0.01908927 0.00301252 0.16106828]
 [0.00385027 0.12561561 0.00264861 0.01207856 0.00278384 0.14697687]
 [0.003322   0.08855293 0.00219623 0.01063918 0.00264206 0.1073524 ]
 [0.00312425 0.12413304 0.00291958 0.0085622  0.00246311 0.1412022 ]
 [0.00292675 0.0760785  0.00259733 0.00819566 0.00236269 0.09216093]
 [0.00297692 0.07153764 0.00271726 0.00879262 0.00228698 0.08831141]
 [0.00286975 0.06290514 0.00312866 0.00756029 0.00220015 0.07866398]
 [0.00278441 0.0608422  0.00404953 0.00719917 0.00215369 0.077029  ]]",COMPLETE
11,0.06251685321331024,2025-06-13 14:28:15.871380,2025-06-13 14:30:27.579468,0 days 00:02:11.708088,0.9622379753571486,0.0027186744562401137,3,2.359290122487901e-05,0.011916984257849003,0.21104990511838642,2.6096087703371063,0.0013920723172343894,0.005739605154453087,"[[0.02515252 0.16745323 0.00140424 0.00044826 0.00420121 0.19865945]
 [0.02300659 0.09814297 0.00101526 0.00039453 0.00364286 0.12620223]
 [0.02126633 0.07272492 0.00085042 0.0003579  0.00325959 0.09845918]
 [0.02060384 0.05710382 0.0008567  0.00036955 0.00292269 0.0818566 ]
 [0.01951685 0.05655663 0.0007157  0.0003588  0.00272539 0.07987338]
 [0.01898948 0.05174583 0.00076031 0.00035334 0.00250837 0.07435734]
 [0.01871702 0.0460235  0.00065672 0.00035738 0.00234867 0.06810329]
 [0.01843143 0.04080552 0.00064541 0.00035461 0.00227987 0.06251685]]","[[0.02404491 0.17854491 0.00127624 0.00044765 0.00417289 0.2084866 ]
 [0.02194807 0.11759323 0.00098876 0.00039383 0.00362632 0.14455022]
 [0.02011866 0.07792868 0.00076661 0.00035796 0.00323758 0.1024095 ]
 [0.01935111 0.05813456 0.000802   0.00036761 0.0029029  0.08155819]
 [0.01840488 0.04823201 0.00066089 0.00035762 0.00270175 0.07035714]
 [0.01779361 0.04711715 0.00073344 0.00035286 0.00249667 0.06849372]
 [0.01749501 0.0527395  0.00063727 0.00035796 0.0023471  0.07357685]
 [0.01719523 0.03871322 0.00061827 0.0003544  0.00226785 0.05914896]]",COMPLETE
12,0.048725634813308716,2025-06-13 14:30:27.580472,2025-06-13 14:32:39.236790,0 days 00:02:11.656318,0.9779338393131346,0.0008719467756732875,3,1.3207274446330988e-05,0.011900250932699261,0.5834608752699783,0.02766902338471261,0.023074512617634286,0.004116520928418974,"[[0.05404249 0.00214619 0.00300225 0.00075944 0.00216773 0.0621181 ]
 [0.05078787 0.00152688 0.0027542  0.00055278 0.00182988 0.05745159]
 [0.04959118 0.00117045 0.00292969 0.00046647 0.00182402 0.0559818 ]
 [0.04855508 0.00127553 0.00239756 0.00040134 0.001785   0.0544145 ]
 [0.04658294 0.00172778 0.00256358 0.00038494 0.00179064 0.05304988]
 [0.04500641 0.001591   0.00252377 0.00036536 0.00173973 0.05122627]
 [0.04515689 0.00140908 0.00241874 0.00036066 0.00174987 0.05109524]
 [0.04320309 0.00109007 0.00234698 0.0003834  0.00170211 0.04872563]]","[[0.05112999 0.00233134 0.00258788 0.00075633 0.00215893 0.05896448]
 [0.04717598 0.00147609 0.00238218 0.0005514  0.00182636 0.05341201]
 [0.04566065 0.0016204  0.00236608 0.00046634 0.00181886 0.05193233]
 [0.04511898 0.00156065 0.0020883  0.00039983 0.00177439 0.05094215]
 [0.04297196 0.00242686 0.00239455 0.00038371 0.00178224 0.04995933]
 [0.04082216 0.00215502 0.00203188 0.00036482 0.00173153 0.04710542]
 [0.04102292 0.00158776 0.001973   0.0003604  0.00174263 0.04668671]
 [0.03920955 0.00154972 0.00209056 0.00038021 0.00169113 0.04492117]]",COMPLETE
13,0.08601223677396774,2025-06-13 14:32:39.237790,2025-06-13 14:34:49.209791,0 days 00:02:09.972001,0.9634097382308789,0.0005680217985204952,3,0.0002928075384888676,0.0027482865286491123,0.10149773162930859,2.5627448127108625,0.2725669897261356,0.0014441277975954813,"[[0.02652589 0.17289118 0.03206575 0.00033911 0.00102665 0.2328486 ]
 [0.01943697 0.13230601 0.02756345 0.00033515 0.00091408 0.18055566]
 [0.01637763 0.0653832  0.02607708 0.00033273 0.0008537  0.10902434]
 [0.01514011 0.08700214 0.02752165 0.00038138 0.00078833 0.13083361]
 [0.01441117 0.05275763 0.02514983 0.00037828 0.00075674 0.09345365]
 [0.014215   0.04482345 0.02550537 0.0004039  0.00072444 0.08567216]
 [0.01369335 0.04763235 0.0247279  0.00041871 0.00070489 0.0871772 ]
 [0.01328149 0.04933652 0.02227671 0.00044282 0.00067471 0.08601224]]","[[0.02587435 0.125937   0.02546552 0.00033961 0.00102602 0.1786425 ]
 [0.01883886 0.12652569 0.02382834 0.00033555 0.00091303 0.17044145]
 [0.01577719 0.07063762 0.02028685 0.00033292 0.00085073 0.10788531]
 [0.01455651 0.0740038  0.02173139 0.0003814  0.00078515 0.11145826]
 [0.01382346 0.04846228 0.01949327 0.00037813 0.00075308 0.08291022]
 [0.01366165 0.04776106 0.02118145 0.00040385 0.00072158 0.08372959]
 [0.01310607 0.04447401 0.02057466 0.0004187  0.00070102 0.07927446]
 [0.01272357 0.04586373 0.01940368 0.0004429  0.00067136 0.07910524]]",COMPLETE
14,0.0453595407307148,2025-06-13 14:34:49.209791,2025-06-13 14:38:16.350012,0 days 00:03:27.140221,0.9736541067512621,0.00201038996639126,5,3.2377062279923594e-05,0.00295362007995629,0.14355889345952283,0.03750487372276427,0.43231198986529157,0.04282023462902885,"[[0.01606085 0.00259927 0.03449861 0.0015472  0.00106816 0.05577409]
 [0.01485168 0.00332582 0.03191949 0.00129784 0.00100463 0.05239946]
 [0.01452139 0.00245554 0.02961785 0.00122491 0.00082837 0.04864807]
 [0.01440625 0.00292788 0.03403388 0.00108656 0.000795   0.05324956]
 [0.01410538 0.00252684 0.03284355 0.00099818 0.0007636  0.05123755]
 [0.01378081 0.00316916 0.03225952 0.00090772 0.0007395  0.05085671]
 [0.01361782 0.00265669 0.03081466 0.000864   0.00075759 0.04871076]
 [0.01357855 0.0029243  0.0273659  0.00080756 0.00068323 0.04535954]]","[[0.01529185 0.00283257 0.03083155 0.00153916 0.00106329 0.05155843]
 [0.01413189 0.00272613 0.02764396 0.00129672 0.00099885 0.04679755]
 [0.01376205 0.00283844 0.03040609 0.00122534 0.00082833 0.04906025]
 [0.01361945 0.0020208  0.02664792 0.00108366 0.00078724 0.04415908]
 [0.01321316 0.00167807 0.02564749 0.00099712 0.00076118 0.04229702]
 [0.0130488  0.00206716 0.0302322  0.0009068  0.00073728 0.04699223]
 [0.01266357 0.00187154 0.02618941 0.00086003 0.00074672 0.04233128]
 [0.01266225 0.00231101 0.02839857 0.00080678 0.00067912 0.04485771]]",COMPLETE
15,0.022529803216457367,2025-06-13 14:38:16.351013,2025-06-13 14:41:45.788132,0 days 00:03:29.437119,0.9791038220903487,0.001955568249826247,3,0.0004893083892913491,0.0077721186290345854,0.13599725293019915,0.051224879337629856,0.00451359843495745,0.001139910766321102,"[[0.01767814 0.0042426  0.00076976 0.00027402 0.00347063 0.02643515]
 [0.01658657 0.00366454 0.00083984 0.0002177  0.00335521 0.02466386]
 [0.01617954 0.00301705 0.0008942  0.00019358 0.00332644 0.02361081]
 [0.01595498 0.00324741 0.00099983 0.00017484 0.00321493 0.02359198]
 [0.01607249 0.0028244  0.00092564 0.00016535 0.00311457 0.02310246]
 [0.0154957  0.00402659 0.00090331 0.00015888 0.0031672  0.02375167]
 [0.01575153 0.00337219 0.00081613 0.00015324 0.00311864 0.02321173]
 [0.01571735 0.00285159 0.00069051 0.00014413 0.00312622 0.0225298 ]]","[[0.01698405 0.00362249 0.00083335 0.00027425 0.00346234 0.02517648]
 [0.01593195 0.0031932  0.00094159 0.00021825 0.0033455  0.02363048]
 [0.0154963  0.00297123 0.00102333 0.00019417 0.00331938 0.02300441]
 [0.01524729 0.0025029  0.00100946 0.0001755  0.0032058  0.02214095]
 [0.01539203 0.00334017 0.00107554 0.00016596 0.00310763 0.02308132]
 [0.01485986 0.00465173 0.00113566 0.00015964 0.00316042 0.02396731]
 [0.01507862 0.00324492 0.00090407 0.00015393 0.00311067 0.02249221]
 [0.01504367 0.00250403 0.00086254 0.00014476 0.00311969 0.02167468]]",COMPLETE
16,0.011870404705405235,2025-06-13 14:41:45.788132,2025-06-13 14:48:08.596693,0 days 00:06:22.808561,0.9750269799252346,0.002546901369390174,4,0.0007451102667305794,0.03041202110321271,0.00489826638997885,0.029090590752859347,0.02005717537145255,0.0016139643075415233,"[[0.00209488 0.00267127 0.0029752  0.00052932 0.00525647 0.01352714]
 [0.00204919 0.00235787 0.00417471 0.00056393 0.00468493 0.01383062]
 [0.0020269  0.00203294 0.00323333 0.00060249 0.00462134 0.012517  ]
 [0.00202464 0.00212344 0.003043   0.00056612 0.0043273  0.0120845 ]
 [0.00200202 0.0020932  0.00329397 0.00056822 0.00421597 0.01217338]
 [0.00199711 0.00201429 0.00304917 0.00058264 0.00425323 0.01189644]
 [0.00200044 0.00221805 0.00320509 0.00061495 0.00407461 0.01211313]
 [0.0019953  0.00216377 0.00296498 0.00062434 0.00412201 0.0118704 ]]","[[0.00206598 0.00239799 0.00278415 0.00052935 0.00522792 0.01300539]
 [0.00202084 0.00269321 0.00328219 0.00056459 0.00465547 0.01321631]
 [0.00199821 0.002129   0.00268071 0.00060324 0.00459521 0.01200639]
 [0.00199613 0.00181554 0.00259071 0.0005677  0.00430492 0.011275  ]
 [0.00197338 0.00223663 0.00261742 0.00056952 0.00419759 0.01159453]
 [0.00196837 0.00169803 0.00253246 0.00058444 0.00423584 0.01101913]
 [0.00197104 0.00284785 0.0027194  0.0006164  0.0040531  0.01220778]
 [0.00196724 0.00176882 0.0025217  0.00062618 0.00410315 0.01098709]]",COMPLETE
17,0.013988086022436619,2025-06-13 14:48:08.597697,2025-06-13 14:53:58.119365,0 days 00:05:49.521668,0.9783407290389126,0.0024262596206940878,4,0.0007374261882058805,0.031808664459272516,0.004624732109436003,0.06914921766525285,0.025526096758687722,0.0034757967636214007,"[[0.00191498 0.0043067  0.00443768 0.00078464 0.00570886 0.01715286]
 [0.0019195  0.00421094 0.00449023 0.00066264 0.00523124 0.01651455]
 [0.00193621 0.00395913 0.00353291 0.00069445 0.00516093 0.01528364]
 [0.0019542  0.0040539  0.00397928 0.00066781 0.00513267 0.01578786]
 [0.00192779 0.003632   0.00378898 0.00064418 0.00516413 0.01515708]
 [0.00192514 0.00311755 0.00339962 0.000646   0.00510875 0.01419706]
 [0.00191591 0.00379355 0.00352889 0.00062439 0.00492962 0.01479237]
 [0.00193927 0.00304735 0.00330843 0.00063416 0.00505887 0.01398809]]","[[0.00188638 0.00449333 0.00343752 0.0007868  0.00569102 0.01629505]
 [0.00189127 0.00359428 0.00321526 0.00066476 0.00520395 0.01456952]
 [0.00190796 0.00422976 0.00352614 0.00069634 0.00513758 0.01549778]
 [0.00192677 0.00337969 0.00324344 0.0006697  0.00510281 0.01432239]
 [0.0018994  0.00293587 0.00299995 0.00064568 0.00513384 0.01361475]
 [0.00189662 0.00239661 0.00328504 0.0006477  0.00507935 0.01330531]
 [0.00188767 0.00426307 0.00286239 0.00062605 0.00490594 0.01454513]
 [0.00191118 0.00282911 0.00305515 0.00063633 0.00502636 0.01345812]]",COMPLETE
18,0.00554184103384614,2025-06-13 14:53:58.120370,2025-06-13 14:58:10.335613,0 days 00:04:12.215243,0.966486740532356,0.0015551610177368474,5,0.0003370988058999738,0.0015382852738866813,0.005520553042871024,0.006696161834626052,0.016204119321230958,0.010889143345276882,"[[0.00150289 0.00074083 0.00276506 0.00060174 0.00086174 0.00647225]
 [0.00160041 0.00071031 0.00242744 0.00061671 0.00088061 0.00623547]
 [0.00166578 0.00068012 0.00267771 0.0006261  0.00080065 0.00645036]
 [0.00166112 0.00052647 0.00226219 0.00060112 0.00077716 0.00582807]
 [0.00165976 0.00056484 0.00228631 0.00057849 0.00076872 0.00585812]
 [0.00167401 0.00053727 0.0021421  0.00054658 0.00076588 0.00566584]
 [0.00164341 0.00055979 0.00201423 0.00052594 0.00073473 0.0054781 ]
 [0.0016507  0.00056711 0.00201883 0.00053197 0.00077324 0.00554184]]","[[0.00146678 0.00066788 0.00221003 0.00060151 0.00086097 0.00580718]
 [0.0015617  0.00055283 0.00222701 0.00061593 0.0008799  0.00583737]
 [0.00162664 0.00066335 0.00256932 0.00062607 0.00079975 0.00628512]
 [0.00162378 0.00050425 0.00181972 0.0006016  0.00077617 0.00532551]
 [0.00162238 0.00046653 0.00192598 0.00057929 0.00076806 0.00536223]
 [0.00163737 0.00056083 0.00216961 0.00054791 0.00076593 0.00568165]
 [0.00160618 0.00049024 0.00186978 0.00052737 0.00073447 0.00522803]
 [0.00161359 0.0004492  0.00176937 0.00053323 0.00077289 0.00513828]]",COMPLETE
19,0.01006709598004818,2025-06-13 14:58:10.335613,2025-06-13 15:09:55.398252,0 days 00:11:45.062639,0.957542626624258,0.0021834996862229615,6,0.0008947660004563822,0.0032602254233672573,0.008626395965146404,0.0011850512396780065,0.03240001086715359,0.12689033370124264,"[[0.00284076 0.00040878 0.00551382 0.00221741 0.00171102 0.01269179]
 [0.00280889 0.00034044 0.00605155 0.00178224 0.00188688 0.01287001]
 [0.00277065 0.00031769 0.00441581 0.00158636 0.00188356 0.01097407]
 [0.00274474 0.00031273 0.00464309 0.00150441 0.00181737 0.01102234]
 [0.00267915 0.0003464  0.00433639 0.00136916 0.00180604 0.01053714]
 [0.00256462 0.00041028 0.00427217 0.00112103 0.00165406 0.01002215]
 [0.00250363 0.00041539 0.00431992 0.0010181  0.00166467 0.0099217 ]
 [0.00248001 0.00024823 0.0041383  0.0013187  0.00188185 0.0100671 ]]","[[0.00278234 0.00044898 0.0052425  0.0022247  0.00170741 0.01240593]
 [0.00275174 0.00043178 0.00479002 0.00178321 0.00188511 0.01164187]
 [0.00271586 0.00035768 0.00415294 0.00158692 0.00188188 0.01069528]
 [0.00269049 0.00035884 0.00486853 0.00150526 0.00181662 0.01123973]
 [0.00262441 0.00037275 0.00366293 0.00136879 0.00180421 0.00983309]
 [0.00251331 0.00046452 0.00417513 0.00112228 0.001653   0.00992824]
 [0.00245199 0.00047071 0.00376204 0.00101827 0.00166304 0.00936605]
 [0.00242671 0.00020325 0.00378296 0.00131668 0.00187975 0.00960935]]",COMPLETE
20,0.00697596650570631,2025-06-13 15:09:55.399255,2025-06-13 15:20:09.830893,0 days 00:10:14.431638,0.9518511051844709,0.002651011406021872,6,0.0007040354481580052,0.0068491931088382136,0.004727484452169088,0.0072112170562435565,0.014050933163359224,0.014791356510359448,"[[0.00166205 0.00091083 0.00200765 0.00109645 0.0012624  0.00693939]
 [0.00164571 0.00083736 0.0026691  0.00108123 0.00119017 0.00742357]
 [0.00163746 0.00079279 0.00192647 0.00102348 0.00111318 0.00649339]
 [0.00164839 0.00133263 0.00248062 0.00104077 0.00112205 0.00762446]
 [0.00164879 0.00083537 0.00189169 0.00101758 0.00111867 0.0065121 ]
 [0.00163082 0.00134228 0.00184833 0.00092441 0.00109543 0.00684127]
 [0.00164205 0.00069573 0.00214548 0.00094526 0.0010698  0.00649832]
 [0.00163222 0.00141705 0.00194519 0.00092825 0.00105327 0.00697597]]","[[0.00163019 0.00090171 0.00176601 0.00109708 0.00126141 0.00665641]
 [0.00161432 0.00087789 0.00245002 0.00108061 0.00118926 0.0072121 ]
 [0.00160636 0.00089497 0.00166275 0.00102176 0.00111226 0.0062981 ]
 [0.00161582 0.001238   0.00217865 0.00103895 0.00112099 0.0071924 ]
 [0.00161697 0.00092027 0.0017289  0.00101634 0.00111725 0.00639973]
 [0.00159957 0.00125178 0.00168483 0.00092466 0.00109386 0.0065547 ]
 [0.00161032 0.00100276 0.00198425 0.00094311 0.00106836 0.0066088 ]
 [0.00160107 0.00109112 0.00182471 0.00092685 0.00105195 0.00649569]]",COMPLETE
21,0.01131441816687584,2025-06-13 15:20:09.831895,2025-06-13 15:26:49.319730,0 days 00:06:39.487835,0.9527812221143045,0.0023378402635973483,6,0.0004639659120161274,0.010364261671306278,0.03765946401197129,0.002411277656487242,0.026672953465713103,0.10444600472603219,"[[0.00615051 0.00114533 0.00388777 0.00204016 0.00175185 0.01497562]
 [0.00528032 0.00097167 0.00321534 0.0013593  0.00147076 0.01229739]
 [0.00559383 0.00098428 0.00321817 0.00130737 0.00154753 0.01265118]
 [0.00539381 0.00089159 0.00311532 0.00133751 0.00155758 0.01229582]
 [0.0057949  0.00094734 0.00344675 0.00112791 0.00150437 0.01282127]
 [0.00494935 0.00093092 0.00314413 0.00102697 0.00132847 0.01137984]
 [0.00499019 0.00093669 0.00330552 0.00091224 0.00150871 0.01165335]
 [0.00480884 0.0008529  0.00335666 0.00097274 0.00132327 0.01131442]]","[[0.00594185 0.00113124 0.0029717  0.00203886 0.00174656 0.0138302 ]
 [0.00506092 0.0010814  0.00277786 0.00135776 0.00146538 0.01174332]
 [0.00537601 0.00113392 0.00267029 0.00130796 0.0015421  0.01203028]
 [0.00519988 0.00097286 0.00266926 0.0013383  0.00155267 0.01173296]
 [0.00557152 0.00099329 0.00296027 0.00112699 0.00150024 0.01215232]
 [0.0047733  0.00107643 0.0027826  0.00102721 0.00132403 0.01098357]
 [0.00480353 0.00094011 0.00276802 0.00091093 0.00150319 0.01092578]
 [0.00463247 0.00102545 0.00283728 0.00097452 0.00131776 0.01078749]]",COMPLETE
22,0.011140420101583004,2025-06-13 15:26:49.321234,2025-06-13 15:31:02.901113,0 days 00:04:13.579879,0.9674980065777911,0.00093908712710959,6,0.000357604843076424,0.0011275469949122091,0.001017662880022811,0.007168746061657503,0.0831775128385852,0.005469256113798819,"[[0.00053787 0.00066206 0.00778449 0.0006029  0.00066099 0.0102483 ]
 [0.00054432 0.00061147 0.0081426  0.00051095 0.00060745 0.01041679]
 [0.00053471 0.00066836 0.00823273 0.00046794 0.00060978 0.01051352]
 [0.00056214 0.00082051 0.00939186 0.00043306 0.00058166 0.01178923]
 [0.0005795  0.00098256 0.00908459 0.00043165 0.00056905 0.01164736]
 [0.00052745 0.00058504 0.00892925 0.00038164 0.00056298 0.01098636]
 [0.0005548  0.00060867 0.00801604 0.00035961 0.00055714 0.01009625]
 [0.00056403 0.00086387 0.00878476 0.00039036 0.00053739 0.01114042]]","[[0.00053115 0.0007234  0.00769551 0.00060365 0.00066249 0.0102162 ]
 [0.00053761 0.00076344 0.00748971 0.00051185 0.00060755 0.00991017]
 [0.00052765 0.00074108 0.00847116 0.0004689  0.00060895 0.01081774]
 [0.0005549  0.0006931  0.00773757 0.00043425 0.00058126 0.01000108]
 [0.00057241 0.00082553 0.00846354 0.00043158 0.00056828 0.01086135]
 [0.00052074 0.00090844 0.00723007 0.00038169 0.00056241 0.00960336]
 [0.00054806 0.00086672 0.00630099 0.0003595  0.00055623 0.00863149]
 [0.00055781 0.00068956 0.00716765 0.00039023 0.00053628 0.00934154]]",COMPLETE
23,0.017161214724183083,2025-06-13 15:31:02.901113,2025-06-13 15:35:10.852205,0 days 00:04:07.951092,0.9649447412540385,0.001987981915293227,5,0.0003769115192254873,0.001242169335879555,0.10705511646532742,0.00336767805971355,0.0419674823988495,0.0012909182605860155,"[[0.01289209 0.00059579 0.00604025 0.00022928 0.00078727 0.02054467]
 [0.01301489 0.00039336 0.00517119 0.000215   0.00083548 0.01962993]
 [0.012386   0.0004901  0.0053575  0.00022385 0.00078786 0.0192453 ]
 [0.01182488 0.00043241 0.00512394 0.00021488 0.00083099 0.0184271 ]
 [0.01178818 0.00044939 0.00486003 0.00023093 0.00076038 0.01808891]
 [0.0115196  0.00037097 0.0040669  0.00021239 0.00081884 0.01698871]
 [0.01141326 0.00041684 0.0044229  0.00022156 0.00076196 0.01723651]
 [0.01121446 0.00038471 0.00455745 0.00022704 0.00077755 0.01716121]]","[[0.01235114 0.00044882 0.00502081 0.00022925 0.00078635 0.01883637]
 [0.01245296 0.00037818 0.00417945 0.00021486 0.0008345  0.01805994]
 [0.01191654 0.00041173 0.00477702 0.00022371 0.00078682 0.01811582]
 [0.01136491 0.00039582 0.00433287 0.00021457 0.00083096 0.01713913]
 [0.01126842 0.00039094 0.00435162 0.00023056 0.00076053 0.01700207]
 [0.01105069 0.00037796 0.00385685 0.00021203 0.00081874 0.01631628]
 [0.01092696 0.00036435 0.00392483 0.00022082 0.00076195 0.01619891]
 [0.01075929 0.00033904 0.00449345 0.00022628 0.0007777  0.01659577]]",COMPLETE
24,0.009297618642449379,2025-06-13 15:35:10.852205,2025-06-13 15:39:14.450497,0 days 00:04:03.598292,0.950115896901959,0.0020266829284496285,5,0.00030144799975488943,0.050019791039433055,0.005229073660058699,0.004019140925956454,0.01087541001732427,0.001803335235237846,"[[0.00149643 0.00106523 0.00223475 0.00092589 0.00475406 0.01047636]
 [0.00159353 0.00112153 0.00181645 0.00086149 0.00446877 0.00986176]
 [0.00165319 0.00109588 0.00176193 0.00085247 0.00429239 0.00965587]
 [0.00162938 0.00116089 0.00138452 0.00085964 0.00454433 0.00957877]
 [0.00161753 0.0010194  0.00152522 0.00089387 0.00431001 0.00936603]
 [0.00163534 0.00103873 0.00137077 0.00096589 0.00439597 0.00940669]
 [0.00159399 0.00098745 0.00142317 0.00088182 0.00406343 0.00894987]
 [0.00158893 0.00116515 0.00154493 0.00084443 0.00415418 0.00929762]]","[[0.00146288 0.00121342 0.00181291 0.00092275 0.00473067 0.01014263]
 [0.00155794 0.001303   0.00160314 0.00085954 0.00444717 0.00977079]
 [0.0016169  0.00126773 0.00172312 0.00085117 0.00427123 0.00973014]
 [0.00159441 0.00124395 0.00135851 0.00085752 0.00452275 0.00957715]
 [0.00158243 0.00124554 0.00143762 0.00089327 0.00428781 0.00944667]
 [0.00160049 0.00118663 0.00131373 0.00096294 0.00437184 0.00943563]
 [0.00155944 0.00112532 0.00131073 0.00088212 0.00404092 0.00891853]
 [0.00155453 0.00123029 0.00140185 0.00084704 0.00413362 0.00916733]]",COMPLETE
25,0.007297295145690441,2025-06-13 15:39:14.451496,2025-06-13 15:45:39.250655,0 days 00:06:24.799159,0.956502267785645,0.0020010467678723835,6,0.0006425453896436658,0.03354248883759176,0.003933936512479085,0.006016245534272663,0.002545371369445632,0.0010194574219011276,"[[0.00147869 0.0022097  0.00048599 0.00081318 0.0035134  0.00850095]
 [0.00149144 0.00184495 0.00046731 0.0008516  0.00338064 0.00803593]
 [0.00149017 0.00151478 0.00039408 0.00082273 0.00361101 0.00783276]
 [0.00149687 0.00186096 0.00046866 0.0007343  0.00340747 0.00796825]
 [0.00149022 0.00159706 0.00042512 0.00079516 0.00336057 0.00766814]
 [0.00148708 0.00184841 0.0004084  0.0006546  0.00313798 0.00753647]
 [0.00149289 0.0013842  0.00038505 0.00082308 0.00300081 0.00708602]
 [0.00150637 0.00139119 0.00041002 0.00091527 0.00307444 0.0072973 ]]","[[0.00145414 0.00214472 0.00045759 0.0008133  0.00350028 0.00837002]
 [0.0014679  0.00193307 0.0003805  0.00085053 0.00336458 0.00799658]
 [0.00146632 0.00170535 0.00039997 0.00082101 0.00359485 0.0079875 ]
 [0.00147332 0.00207053 0.00035508 0.00073296 0.00339095 0.00802285]
 [0.00146672 0.00180988 0.00036512 0.00079345 0.00334556 0.00778072]
 [0.00146364 0.00212448 0.00034229 0.00065345 0.00312276 0.00770663]
 [0.00146904 0.00159961 0.0003269  0.00082154 0.00298651 0.00720361]
 [0.00148285 0.00168974 0.00033482 0.00091444 0.00305963 0.00748149]]",COMPLETE
26,0.00792251992970705,2025-06-13 15:45:39.251654,2025-06-13 15:49:22.127007,0 days 00:03:42.875353,0.9538043889111292,0.00042703268496940936,6,0.0003090563828702002,0.01611293652636106,0.003625457064077545,0.06871500120743303,0.004052405745100542,0.07658310805877501,"[[0.00123109 0.00388644 0.00057813 0.00172066 0.00350229 0.01091861]
 [0.00106169 0.00402756 0.00054331 0.0012524  0.00294058 0.00982554]
 [0.00105034 0.00396646 0.00047424 0.00104718 0.00272461 0.00926283]
 [0.00099716 0.0031794  0.0005567  0.00094285 0.00267301 0.00834912]
 [0.00102215 0.00271632 0.00051388 0.00089821 0.00258024 0.0077308 ]
 [0.00104047 0.00302196 0.000461   0.00085297 0.0025852  0.0079616 ]
 [0.00105211 0.00310417 0.00043427 0.00086743 0.00248599 0.00794397]
 [0.00104472 0.00310384 0.00046336 0.00085334 0.00245726 0.00792252]]","[[0.00120565 0.00412691 0.00054002 0.00173012 0.0034885  0.0110912 ]
 [0.00103931 0.0029909  0.00048096 0.00126291 0.00292704 0.00870112]
 [0.00102579 0.00302969 0.00045164 0.00105397 0.00270973 0.00827082]
 [0.00097273 0.00248628 0.0005064  0.00094745 0.00266056 0.00757341]
 [0.0009978  0.00243243 0.00045868 0.00090262 0.00256816 0.00735969]
 [0.001016   0.00296528 0.00034142 0.0008566  0.00257367 0.00775297]
 [0.0010271  0.00245549 0.00041725 0.00087176 0.00247697 0.00724857]
 [0.00101959 0.00260886 0.00039899 0.00085707 0.00244735 0.00733185]]",COMPLETE
27,0.00885715615004301,2025-06-13 15:49:22.127007,2025-06-13 15:52:27.035189,0 days 00:03:04.908182,0.974541309073368,0.0010280448961617042,4,0.00017255222439677278,0.004529680552404203,0.002227904630308412,0.006829236053520409,0.061904122814064974,0.07154551007278609,"[[0.00088888 0.00108457 0.00564533 0.00157452 0.00162817 0.01082147]
 [0.00086557 0.00075454 0.0050513  0.00137065 0.00124243 0.00928449]
 [0.00094541 0.00084953 0.00700212 0.00133082 0.00114858 0.01127645]
 [0.00082465 0.0008606  0.00578396 0.001095   0.00110502 0.00966924]
 [0.00084889 0.00061762 0.00583169 0.00105365 0.00111522 0.00946708]
 [0.00086363 0.00098667 0.00559539 0.00100366 0.00102578 0.00947514]
 [0.00086961 0.0016698  0.00546866 0.0010091  0.00101163 0.01002879]
 [0.00085887 0.00065473 0.0054089  0.00093311 0.00100155 0.00885716]]","[[0.00087455 0.00117213 0.00546093 0.00157668 0.00162495 0.01070924]
 [0.00085112 0.00085378 0.00548747 0.00137311 0.0012364  0.00980189]
 [0.00093063 0.00087421 0.00563835 0.00133363 0.00114207 0.00991889]
 [0.00081018 0.00061621 0.00492431 0.00109872 0.00110106 0.00855049]
 [0.00083545 0.00114045 0.00512636 0.00105695 0.001112   0.00927121]
 [0.00084899 0.00063407 0.00457478 0.00100813 0.00102325 0.00808921]
 [0.00085569 0.00116431 0.00410562 0.00101354 0.00100911 0.00814826]
 [0.00084422 0.00077413 0.00456719 0.00093572 0.00099801 0.00811928]]",COMPLETE
28,0.009920879267156124,2025-06-13 15:52:27.036190,2025-06-13 16:00:50.085747,0 days 00:08:23.049557,0.9550836059553994,0.002880244984206801,6,0.00072361378457001,0.014682416975396038,0.049651636357157226,0.0012139412552329865,0.0010976138460041386,0.0011421144153394116,"[[0.00811102 0.00088384 0.00028237 0.0007444  0.00203252 0.01205415]
 [0.00754254 0.00069018 0.00036245 0.00081094 0.00172113 0.01112724]
 [0.00735734 0.00056876 0.00032356 0.00086433 0.00148156 0.01059554]
 [0.00745745 0.00063764 0.00030423 0.00079886 0.00155906 0.01075725]
 [0.00694363 0.00057233 0.00029715 0.00080257 0.00150866 0.01012433]
 [0.00686537 0.00050605 0.00029321 0.00081998 0.00154558 0.0100302 ]
 [0.00687183 0.0005274  0.00027688 0.00073906 0.00156068 0.00997585]
 [0.00669132 0.00061567 0.00030724 0.00052158 0.00178507 0.00992088]]","[[0.00785447 0.00092257 0.00018459 0.00074172 0.00202684 0.01173019]
 [0.00728464 0.00084447 0.00027792 0.00081108 0.00171837 0.01093648]
 [0.00713499 0.00069683 0.0002526  0.00086261 0.00147585 0.01042287]
 [0.00721806 0.00077607 0.00021638 0.00079701 0.00155368 0.01056121]
 [0.0067104  0.00069231 0.00025304 0.00080155 0.00150355 0.00996084]
 [0.00662982 0.00058213 0.00023849 0.0008184  0.00153991 0.00980875]
 [0.00665487 0.00061132 0.00024401 0.00073864 0.00155632 0.00980517]
 [0.00644416 0.0006343  0.00025736 0.000522   0.00178003 0.00963785]]",COMPLETE
29,0.019071517512202263,2025-06-13 16:00:50.085747,2025-06-13 16:06:12.663949,0 days 00:05:22.578202,0.9631306238058077,0.0023945823322656526,6,0.0002572343466947173,0.11748128880706754,0.0018690542645630737,0.058555466732948536,0.002621336611869115,0.23675064825821776,"[[0.00074474 0.0035045  0.00035744 0.00247012 0.01521804 0.02229484]
 [0.00069887 0.00734301 0.00029628 0.00213834 0.01445083 0.02492734]
 [0.00069284 0.00318481 0.0004049  0.00192604 0.01415325 0.02036183]
 [0.00071264 0.00431857 0.00046238 0.00173936 0.01374385 0.0209768 ]
 [0.00071326 0.00343448 0.00033701 0.00160657 0.0138799  0.01997122]
 [0.00070929 0.0039287  0.00036814 0.00142415 0.01385953 0.02028981]
 [0.00070074 0.00293336 0.00030319 0.00135259 0.01325592 0.0185458 ]
 [0.00071997 0.00312726 0.00034827 0.00129384 0.01358217 0.01907152]]","[[0.00073232 0.00606258 0.00031596 0.00247562 0.01511858 0.02470507]
 [0.00068731 0.00474416 0.00028576 0.0021377  0.01436364 0.02221857]
 [0.0006812  0.00449745 0.00045488 0.00192826 0.01407159 0.02163339]
 [0.00070094 0.00676341 0.00031152 0.00174746 0.01367822 0.02320154]
 [0.00070119 0.00432055 0.0002414  0.00161217 0.013809   0.0206843 ]
 [0.00069777 0.00439026 0.0003512  0.00142913 0.01378817 0.02065653]
 [0.00068871 0.00345156 0.00033159 0.00135847 0.0131797  0.01901002]
 [0.00070812 0.00341796 0.0002669  0.00129867 0.01348832 0.01917998]]",COMPLETE
30,0.0408153310418129,2025-06-13 16:06:12.664949,2025-06-13 16:15:39.719864,0 days 00:09:27.054915,0.9610746415055874,0.0016410892215312672,6,0.0009120879190137237,0.16506430453756213,0.009657915776847844,0.4020939642921917,0.047016336752980684,0.0012252823125971273,"[[0.00373775 0.02226182 0.00600594 0.00034526 0.02425387 0.05660464]
 [0.00373364 0.01875495 0.00654859 0.00041504 0.02285315 0.05230536]
 [0.00373914 0.02002522 0.00576503 0.00046845 0.021949   0.05194684]
 [0.00373295 0.01106982 0.00587312 0.00053346 0.02121336 0.04242271]
 [0.00377706 0.01413957 0.00587288 0.00057998 0.02105602 0.04542552]
 [0.0037639  0.01161319 0.00565175 0.00061489 0.02088634 0.04253007]
 [0.00376729 0.01055693 0.0057499  0.00065428 0.02057279 0.0413012 ]
 [0.0037846  0.01056571 0.00558862 0.00065791 0.02021849 0.04081533]]","[[0.00367858 0.0211511  0.00528583 0.00034569 0.0241356  0.0545968 ]
 [0.00367362 0.01718522 0.00542196 0.00041535 0.02273104 0.0494272 ]
 [0.00367876 0.02075786 0.00535287 0.00046767 0.02181826 0.05207542]
 [0.00367201 0.01166489 0.00546845 0.00053125 0.02104879 0.04238539]
 [0.00371609 0.01280848 0.00490135 0.00057762 0.02090787 0.04291141]
 [0.0037023  0.01101949 0.00559653 0.00061297 0.02075622 0.04168752]
 [0.00370613 0.01157858 0.00512966 0.00065226 0.02045712 0.04152375]
 [0.00372278 0.01109453 0.00509337 0.00065625 0.02010058 0.04066751]]",COMPLETE
31,0.006571420468389988,2025-06-13 16:15:39.720862,2025-06-13 16:19:16.545928,0 days 00:03:36.825066,0.9575265680861151,0.00037392916488554056,6,0.000143207165993724,0.028764431440439997,0.004375641056405314,0.06443094839717191,0.0012175154726376213,0.0010697388686099465,"[[0.00141675 0.00509967 0.00020164 0.00046463 0.00634287 0.01352555]
 [0.00109282 0.00443785 0.00015642 0.0003096  0.00436425 0.01036093]
 [0.00095463 0.00441045 0.00014094 0.00030879 0.00417902 0.00999382]
 [0.00089202 0.00257138 0.00016082 0.00031407 0.00400516 0.00794346]
 [0.00088986 0.00262601 0.00018798 0.00031808 0.00385196 0.00787388]
 [0.00086799 0.00199195 0.0001387  0.00033765 0.00373184 0.00706813]
 [0.00089411 0.00215538 0.00016043 0.00034324 0.00364111 0.00719427]
 [0.0008612  0.00165709 0.00012876 0.00035309 0.00357128 0.00657142]]","[[0.0013886  0.00453201 0.00019362 0.00044796 0.01160133 0.01816352]
 [0.00106547 0.00509041 0.00013681 0.0003096  0.00432894 0.01093124]
 [0.00092738 0.00434951 0.00013212 0.00030889 0.00414594 0.00986384]
 [0.00086527 0.0034165  0.00014158 0.00031405 0.0039714  0.00870879]
 [0.00086345 0.00266218 0.00016011 0.00031807 0.00382518 0.00782899]
 [0.00084333 0.00190045 0.00012387 0.00033762 0.00371035 0.00691562]
 [0.00086874 0.00211582 0.00010744 0.00034333 0.00362303 0.00705837]
 [0.00083729 0.0016413  0.00013503 0.0003529  0.00355143 0.00651794]]",COMPLETE
32,0.012224775739014149,2025-06-13 16:19:16.546929,2025-06-13 16:22:53.557964,0 days 00:03:37.011035,0.9508603555344862,0.00030239999487401527,6,0.00010978993465560636,0.07993113658222577,0.011314712598862747,0.048350108285711305,0.0016747469965089164,0.0011412514910205357,"[[0.00259696 0.0043532  0.0003286  0.0010298  0.00992895 0.01823752]
 [0.00182293 0.00386295 0.00026355 0.00077412 0.00919965 0.01592321]
 [0.00161648 0.00224729 0.00022012 0.00069182 0.00917916 0.01395488]
 [0.00155354 0.00291225 0.000211   0.00059151 0.00859951 0.0138678 ]
 [0.00149632 0.00268053 0.00021684 0.00055331 0.00845174 0.01339874]
 [0.00151304 0.00233464 0.00019609 0.00055942 0.00812733 0.01273051]
 [0.00152371 0.00271016 0.00018301 0.00052166 0.00817041 0.01310895]
 [0.00148768 0.00187279 0.00018349 0.00051174 0.00816908 0.01222478]]","[[0.00253659 0.00467329 0.00028994 0.00103208 0.01014724 0.01867914]
 [0.00176407 0.00410344 0.00022399 0.00076665 0.0091242  0.01598234]
 [0.00155776 0.00331071 0.00019232 0.0006907  0.00914404 0.01489554]
 [0.00149407 0.00384182 0.00019689 0.00059075 0.00855769 0.01468122]
 [0.0014358  0.00350481 0.00020516 0.00055197 0.00840395 0.01410169]
 [0.00145392 0.0031762  0.00018009 0.00055668 0.00807298 0.01343987]
 [0.00146597 0.00289093 0.00016721 0.00052002 0.00811056 0.01315469]
 [0.00142725 0.00197281 0.00020408 0.00051077 0.00811499 0.0122299 ]]",COMPLETE
33,0.003641822375357151,2025-06-13 16:22:53.558969,2025-06-13 16:26:00.046111,0 days 00:03:06.487142,0.9721477341628384,0.00058100371699226,5,1.6056394912572848e-05,0.013006861905109825,0.014374812831356743,0.01048140140269704,0.0013133783316629736,0.0016047370113052763,"[[0.00192241 0.0005886  0.00021599 0.00026591 0.00189028 0.00488318]
 [0.00159067 0.00055973 0.00018078 0.00018059 0.00166574 0.00417752]
 [0.00163134 0.00072021 0.00016781 0.000154   0.00161118 0.00428453]
 [0.0014212  0.00061317 0.00015105 0.00014003 0.00161351 0.00393896]
 [0.00139924 0.00051726 0.000158   0.00013498 0.00157706 0.00378655]
 [0.00136372 0.00068021 0.00015778 0.00012529 0.00152546 0.00385246]
 [0.0013643  0.00058015 0.00015892 0.00012327 0.00154751 0.00377416]
 [0.00136787 0.00050081 0.00013001 0.00012249 0.00152065 0.00364182]]","[[0.00184915 0.00106092 0.00019797 0.00026625 0.00188695 0.00526124]
 [0.00151819 0.00083872 0.00017286 0.0001806  0.0016641  0.00437446]
 [0.00156066 0.00076906 0.00016073 0.0001537  0.00160735 0.00425149]
 [0.00134226 0.00125178 0.00015578 0.0001399  0.00160893 0.00449866]
 [0.00131683 0.00085002 0.00014076 0.00013466 0.00157132 0.00401359]
 [0.00128712 0.00069003 0.00014422 0.00012483 0.00151905 0.00376525]
 [0.00127473 0.00078915 0.00015921 0.00012287 0.00154267 0.00388862]
 [0.00126871 0.00065538 0.00013655 0.00012208 0.00151639 0.0036991 ]]",COMPLETE
34,0.006428100168704987,2025-06-13 16:26:00.046111,2025-06-13 16:29:06.077275,0 days 00:03:06.031164,0.987112466680967,0.0010161248865051618,5,2.5673190096599784e-05,0.041677635846925125,0.013729075466271229,0.008928927062738392,0.0016042627993893212,0.00745342140265919,"[[0.00170894 0.00125767 0.00022233 0.00031928 0.00468293 0.00819115]
 [0.00149074 0.00092633 0.00018332 0.00022453 0.00449041 0.00731533]
 [0.00146833 0.00131796 0.00018571 0.00021439 0.00430543 0.00749181]
 [0.00147417 0.0012676  0.00018575 0.00022066 0.00429682 0.007445  ]
 [0.00138816 0.0012131  0.00019386 0.00019933 0.00411117 0.00710561]
 [0.00139871 0.00075199 0.00015973 0.00020218 0.00405737 0.00656998]
 [0.0014335  0.0007792  0.00016724 0.00020059 0.00374542 0.00632594]
 [0.00141738 0.00094363 0.00015423 0.00021638 0.00369648 0.0064281 ]]","[[0.00162955 0.00124699 0.00019269 0.00031917 0.0046633  0.00805169]
 [0.00141876 0.00123875 0.00018709 0.00022458 0.00446753 0.00753671]
 [0.00139931 0.00141653 0.00016649 0.0002151  0.0042806  0.00747804]
 [0.00140822 0.0013379  0.00016147 0.00022146 0.00426654 0.00739558]
 [0.00131773 0.00143709 0.0001738  0.00020019 0.00409115 0.00721997]
 [0.0013332  0.00105972 0.00014921 0.00020291 0.00403749 0.00678253]
 [0.00137101 0.00110281 0.00016107 0.00020106 0.0037251  0.00656105]
 [0.00134715 0.00130257 0.00014268 0.00021693 0.00367852 0.00668784]]",COMPLETE
35,0.007922081276774406,2025-06-13 16:29:06.077275,2025-06-13 16:32:13.390294,0 days 00:03:07.313019,0.9938278382671533,0.0004946713042661182,5,0.0001929023001137686,0.0351869634142617,0.03578666108816091,0.0013585889785936234,0.00128535003038024,0.003376856400641608,"[[0.0044945  0.00072502 0.00043758 0.0012393  0.00293002 0.00982642]
 [0.0040213  0.00040556 0.0002269  0.00087069 0.00311709 0.00864154]
 [0.00411035 0.0004595  0.00019719 0.00062848 0.00310372 0.00849924]
 [0.00408757 0.00053849 0.00018048 0.00048682 0.00320324 0.00849659]
 [0.00400261 0.00048661 0.00016388 0.00046003 0.00311207 0.00822521]
 [0.00404063 0.00051804 0.00018917 0.000395   0.00305925 0.0082021 ]
 [0.00377052 0.00044499 0.00014944 0.00040801 0.00314181 0.00791477]
 [0.0038721  0.00042577 0.00015652 0.0003912  0.00307649 0.00792208]]","[[0.00432626 0.00091019 0.00037715 0.0012377  0.00291719 0.00976849]
 [0.00385339 0.00048223 0.0002042  0.00086926 0.00310157 0.00851065]
 [0.00393489 0.00051731 0.00018398 0.00062849 0.003087   0.00835167]
 [0.00390456 0.00057683 0.00016241 0.00048746 0.00318682 0.00831809]
 [0.00383988 0.00047051 0.00015576 0.00046044 0.00309719 0.00802379]
 [0.00386537 0.00059698 0.00019602 0.00039632 0.00304389 0.00809858]
 [0.00359697 0.00043768 0.00013384 0.00040812 0.0031273  0.0077039 ]
 [0.00370358 0.00044882 0.00015146 0.00039135 0.00306597 0.00776118]]",COMPLETE
36,0.02880740724503994,2025-06-13 16:32:13.391294,2025-06-13 16:35:21.268265,0 days 00:03:07.876971,0.9880380366521889,0.0012624897684000579,5,3.1790882060445306e-05,0.297350792730935,0.008175816006619973,0.011161856608820053,0.003840315371899338,0.03873205561127811,"[[0.00114222 0.00425868 0.00051052 0.0034584  0.02590097 0.03527079]
 [0.0010137  0.00338601 0.00042964 0.00184322 0.02507753 0.03175009]
 [0.00099058 0.00352968 0.0004682  0.00135264 0.02604398 0.03238507]
 [0.00104606 0.00330169 0.0004329  0.00088578 0.02531522 0.03098165]
 [0.00107724 0.00311758 0.00035233 0.00056233 0.0239238  0.02903328]
 [0.00109359 0.00367166 0.00037752 0.00037985 0.02418839 0.029711  ]
 [0.0010268  0.00310061 0.00035102 0.00035618 0.02412384 0.02895845]
 [0.00113057 0.00351417 0.00040943 0.0003442  0.02340904 0.02880741]]","[[0.00109329 0.00439241 0.00042193 0.00343946 0.02576982 0.03511691]
 [0.00097278 0.00387925 0.00042323 0.00183585 0.0249486  0.03205971]
 [0.00094988 0.00358217 0.00036302 0.00135232 0.02590786 0.03215524]
 [0.00100514 0.0034835  0.00034595 0.0008881  0.02518743 0.03091013]
 [0.00103573 0.00362415 0.00032201 0.0005602  0.02379327 0.02933536]
 [0.00105677 0.00324804 0.00032595 0.00037958 0.02406398 0.02907433]
 [0.00098535 0.00385796 0.00029492 0.00035645 0.02399605 0.02949073]
 [0.00108501 0.00395302 0.0004038  0.00034333 0.02327814 0.0290633 ]]",COMPLETE
37,0.005368493497371674,2025-06-13 16:35:21.268265,2025-06-13 16:38:27.600865,0 days 00:03:06.332600,0.9720456639163861,0.0011129185268820584,5,3.5043195048328495e-06,0.010957572638777995,0.011995298705452148,0.08821851846507903,0.00858594804882889,0.015114892213478242,"[[0.00189066 0.00453106 0.00104176 0.00059149 0.00233757 0.01039253]
 [0.00153965 0.00383549 0.00091332 0.00038188 0.00184352 0.00851386]
 [0.00135208 0.0036489  0.00093292 0.00030464 0.00170001 0.00793856]
 [0.00130073 0.00267094 0.00088736 0.00026456 0.00162469 0.00674828]
 [0.00122019 0.00338718 0.00086775 0.00023858 0.00158904 0.00730273]
 [0.00121033 0.0030474  0.00082487 0.00021865 0.00151885 0.0068201 ]
 [0.00117502 0.00154488 0.00064013 0.0002066  0.00142788 0.00499451]
 [0.00114043 0.00184907 0.0007825  0.00019457 0.00140191 0.00536849]]","[[0.00181243 0.00299989 0.00107305 0.00059587 0.00233562 0.00881686]
 [0.0014678  0.00316894 0.0006758  0.00038238 0.00183362 0.00752854]
 [0.00128005 0.00349338 0.0006465  0.0003049  0.00168966 0.00741449]
 [0.00122188 0.00289687 0.00066389 0.00026456 0.00161507 0.00666227]
 [0.00114309 0.00218706 0.00063628 0.000238   0.00157741 0.00578185]
 [0.00112719 0.00298901 0.00056277 0.00021828 0.00150949 0.00640674]
 [0.00110334 0.00154374 0.00065991 0.00020647 0.00141843 0.00493189]
 [0.00106704 0.00172035 0.00058218 0.00019433 0.00139206 0.00495596]]",COMPLETE
38,0.006424366496503353,2025-06-13 16:38:27.600865,2025-06-13 16:41:33.211366,0 days 00:03:05.610501,0.9700070295137752,0.00122736207404309,5,1.249698092061075e-06,0.03483284808105145,0.03231188148697771,0.009275658649952492,0.0013538512069097744,0.014372066513261117,"[[0.00340657 0.00110759 0.00027283 0.00026941 0.00403701 0.0090934 ]
 [0.0031022  0.00118001 0.00022416 0.00019113 0.00393092 0.00862842]
 [0.00310648 0.00131657 0.00021997 0.00016046 0.00368163 0.00848511]
 [0.00282724 0.00140047 0.000175   0.00013112 0.00346577 0.0079996 ]
 [0.00268378 0.00096196 0.00018523 0.00014194 0.00335378 0.00732668]
 [0.00266736 0.00097353 0.00017798 0.00012684 0.00322627 0.00717198]
 [0.00275354 0.00077241 0.0001794  0.00015394 0.00314597 0.00700526]
 [0.00251482 0.00061529 0.00016402 0.00013616 0.00299408 0.00642437]]","[[0.00321611 0.00131965 0.00022124 0.00026868 0.00401439 0.00904007]
 [0.00290069 0.0010877  0.00019337 0.0001912  0.00391123 0.0082842 ]
 [0.00287999 0.00115578 0.00018538 0.00016029 0.0036621  0.00804354]
 [0.00264698 0.0013673  0.00016863 0.00013098 0.00344704 0.00776092]
 [0.00247623 0.00108728 0.00016571 0.00014268 0.00334561 0.0072175 ]
 [0.00239026 0.00133794 0.00017941 0.00012679 0.00321165 0.00724606]
 [0.0025281  0.00113694 0.00016438 0.00018099 0.00314586 0.00715627]
 [0.00224921 0.00088425 0.00014609 0.00013639 0.002969   0.00638494]]",COMPLETE
39,0.008147378452122211,2025-06-13 16:41:33.211366,2025-06-13 16:45:09.530723,0 days 00:03:36.319357,0.9630820011026782,0.0006014376529399662,6,2.3418157054755292e-06,0.005119820815523885,0.07763201479787488,0.012629851822151877,0.0023610868926475428,0.009167863562355676,"[[0.00830891 0.00068699 0.00048224 0.00047539 0.00103877 0.0109923 ]
 [0.00740833 0.00056897 0.00044363 0.00029034 0.00086096 0.00957223]
 [0.00707428 0.00070718 0.00037963 0.0002237  0.00078028 0.00916507]
 [0.00666154 0.00073369 0.00031104 0.00018059 0.00073693 0.0086238 ]
 [0.00663417 0.00047594 0.00031533 0.00016929 0.0007432  0.00833793]
 [0.00637907 0.00051481 0.00029603 0.00018353 0.00072225 0.0080957 ]
 [0.00625624 0.00080612 0.0003343  0.00015098 0.00069478 0.00824242]
 [0.00606766 0.00094793 0.00029079 0.00014562 0.00069538 0.00814738]]","[[0.00790234 0.00076892 0.00050506 0.00047523 0.00103491 0.01068646]
 [0.00696656 0.00092256 0.0003773  0.00029145 0.00085849 0.00941636]
 [0.00661089 0.00086581 0.00035883 0.00022402 0.00077876 0.00883831]
 [0.00610687 0.0007547  0.00030781 0.00018044 0.00073364 0.00808346]
 [0.00603638 0.0003856  0.00030191 0.00016866 0.00073911 0.00763166]
 [0.00590676 0.00043112 0.00027819 0.00019188 0.0007519  0.00755985]
 [0.00570989 0.00065103 0.00030251 0.00015161 0.00069536 0.00751039]
 [0.00547662 0.00068134 0.00027228 0.00014541 0.00069197 0.00726762]]",COMPLETE
40,0.012093225494027138,2025-06-13 16:45:09.531723,2025-06-13 16:47:45.287404,0 days 00:02:35.755681,0.9641865977194485,0.001149904134135482,4,1.4761560464485446e-06,0.051762597530703974,0.0097549052754816,0.2684175863018772,0.00855772411146502,0.007178481989945325,"[[0.00178294 0.01751913 0.00105489 0.00056022 0.0091427  0.03005989]
 [0.0013602  0.00944719 0.00086845 0.00037587 0.0078744  0.0199261 ]
 [0.00125215 0.01542279 0.00082566 0.00031231 0.0076675  0.02548042]
 [0.0011268  0.0105607  0.0007073  0.00026195 0.00724673 0.01990348]
 [0.00109222 0.00633135 0.00093862 0.00024654 0.00689838 0.01550711]
 [0.0010371  0.00574677 0.00064772 0.00023757 0.00655473 0.01422388]
 [0.00100196 0.00459567 0.00070418 0.0002266  0.00616006 0.01268848]
 [0.00100612 0.00422477 0.00071153 0.00021723 0.00593359 0.01209323]]","[[0.00171736 0.01412407 0.00096309 0.00055995 0.00909404 0.02645851]
 [0.00130533 0.00880655 0.00067304 0.00037545 0.00782122 0.0189816 ]
 [0.00120826 0.01927675 0.00064085 0.00031182 0.00761426 0.02905193]
 [0.00107789 0.01118233 0.00056323 0.00026157 0.00719823 0.02028325]
 [0.00104199 0.00538728 0.00062264 0.00024615 0.00684326 0.01414131]
 [0.00098063 0.00554372 0.0005301  0.00023732 0.00650134 0.01379312]
 [0.0009453  0.00503181 0.00049792 0.00022626 0.00609892 0.01280021]
 [0.00094143 0.00451854 0.00051357 0.00021711 0.005871   0.01206165]]",COMPLETE
41,0.1430300921201706,2025-06-13 16:47:45.288405,2025-06-13 16:50:21.156513,0 days 00:02:35.868108,0.9790603126285097,0.0015505870769447652,4,1.0941102177613506e-06,1.63953593674977,0.08150660651629171,0.016989450047783648,0.0010726579065174382,0.02382585221695086,"[[0.00813773 0.00747645 0.00038794 0.00645563 0.14901347 0.17147124]
 [0.00773328 0.00542168 0.00024882 0.00436247 0.13885412 0.15662037]
 [0.00717092 0.00634947 0.00023405 0.00232547 0.13598166 0.15206157]
 [0.00703772 0.00651403 0.00023669 0.00188282 0.13527687 0.15094814]
 [0.00696999 0.00568377 0.00023993 0.00174184 0.13613051 0.15076604]
 [0.00617037 0.00502988 0.00018897 0.00159307 0.13199463 0.14497691]
 [0.00678849 0.00499482 0.00019135 0.00133098 0.13162704 0.14493269]
 [0.0064764  0.00527968 0.0002053  0.00121091 0.12985779 0.14303009]]","[[7.73085002e-03 8.27057753e-03 3.48921050e-04 6.49007596e-03
  1.48427978e-01 1.71268404e-01]
 [7.25945737e-03 6.05876325e-03 2.17389039e-04 4.37740376e-03
  1.38190046e-01 1.56103060e-01]
 [6.70491531e-03 7.36361882e-03 1.77755443e-04 2.33012484e-03
  1.35304138e-01 1.51880547e-01]
 [6.59648143e-03 7.70609779e-03 2.10755286e-04 1.88214052e-03
  1.34586200e-01 1.50981680e-01]
 [6.48257416e-03 7.63669377e-03 1.80078292e-04 1.74072024e-03
  1.35407969e-01 1.51448041e-01]
 [5.67427790e-03 6.17766520e-03 1.52856548e-04 1.58767134e-03
  1.31243661e-01 1.44836128e-01]
 [6.15293393e-03 5.69255929e-03 1.66453421e-04 1.32871827e-03
  1.30892143e-01 1.44232810e-01]
 [5.99476974e-03 5.74566005e-03 1.78683462e-04 1.20756379e-03
  1.29132509e-01 1.42259181e-01]]",COMPLETE
42,0.0036681690253317356,2025-06-13 16:50:21.157514,2025-06-13 16:53:26.659873,0 days 00:03:05.502359,0.9904104436996382,0.0010093823654092628,5,1.8386030188284791e-06,0.003238636754775658,0.0013597212719753072,0.08487974745233495,0.016444074369552725,0.012238172074637307,"[[0.00047539 0.00428235 0.00151338 0.0005171  0.00098847 0.00777669]
 [0.00035455 0.00406729 0.00196326 0.00035333 0.00075043 0.00748886]
 [0.00028801 0.00344766 0.00145032 0.00029839 0.00066069 0.00614507]
 [0.00024865 0.00206781 0.00127971 0.0002631  0.00060069 0.00445997]
 [0.00022393 0.00163044 0.00108631 0.00023208 0.00055521 0.00372797]
 [0.00020884 0.00199145 0.00123221 0.00020777 0.0005215  0.00416177]
 [0.0001975  0.00140377 0.00124208 0.00019204 0.00048712 0.00352251]
 [0.00018826 0.00160135 0.00124032 0.00017101 0.00046723 0.00366817]]","[[0.00046577 0.0034972  0.00151372 0.00051766 0.00098648 0.00698082]
 [0.00034511 0.00461899 0.00149281 0.00035324 0.00074763 0.00755778]
 [0.00027902 0.00273114 0.00111873 0.00029856 0.00065793 0.00508537]
 [0.00024052 0.00212485 0.00123324 0.00026297 0.00059756 0.00445914]
 [0.00021577 0.00209929 0.00108212 0.00023205 0.00055163 0.00418086]
 [0.00020063 0.00152088 0.00105414 0.00020766 0.00051786 0.00350117]
 [0.00019021 0.00154472 0.00104182 0.00019174 0.00048324 0.00345173]
 [0.00018119 0.00161032 0.00125549 0.00017059 0.00046426 0.00368185]]",COMPLETE
43,0.005581208970397711,2025-06-13 16:53:26.660872,2025-06-13 16:56:32.558896,0 days 00:03:05.898024,0.989396699516876,0.0017941309865946874,5,2.549010196109055e-06,0.0020124200924122107,0.004244765408456496,0.049303718609352745,0.053810723413859035,0.006522110258747569,"[[0.00086348 0.00186113 0.00432649 0.00033748 0.00067037 0.00805895]
 [0.00066841 0.00273545 0.0051478  0.00026561 0.00053895 0.00935622]
 [0.00059491 0.00164557 0.00359876 0.00022743 0.00044064 0.00650731]
 [0.00055032 0.00130764 0.00370355 0.00021867 0.00039059 0.00617078]
 [0.0005252  0.00128556 0.00330283 0.00020178 0.00036784 0.00568321]
 [0.00050099 0.00133147 0.00333553 0.00019402 0.00034131 0.00570332]
 [0.00050303 0.00093692 0.00376159 0.00017989 0.00032616 0.00570759]
 [0.00052172 0.00087285 0.00369212 0.00016993 0.00032459 0.00558121]]","[[0.00084101 0.0024108  0.00375873 0.00033753 0.00066848 0.00801656]
 [0.00064559 0.00230975 0.00396328 0.00026568 0.00053766 0.00772196]
 [0.00057172 0.00171926 0.00334345 0.0002275  0.00043931 0.00630124]
 [0.0005279  0.00110883 0.00331012 0.00021897 0.00038984 0.00555565]
 [0.00050322 0.00121425 0.00330582 0.00020163 0.00036618 0.0055911 ]
 [0.00048021 0.0011459  0.00360644 0.00019393 0.00033969 0.00576616]
 [0.00047896 0.00091594 0.00316813 0.00017993 0.00032386 0.00506682]
 [0.00049705 0.00097312 0.003565   0.00017007 0.00032209 0.00552733]]",COMPLETE
44,0.005023167002946138,2025-06-13 16:56:32.559895,2025-06-13 17:00:08.876767,0 days 00:03:36.316872,0.9928445710952202,0.001582901868348092,6,1.1300314159674574e-06,0.006989260182381319,0.0011848307649873005,0.0624697845588505,0.03707193588225624,0.00541245450787451,"[[0.00046147 0.00685502 0.00313493 0.00033174 0.00160012 0.01238328]
 [0.00029174 0.00305875 0.00344371 0.00022811 0.00124543 0.00826774]
 [0.00024171 0.00247012 0.00303635 0.00019199 0.00117622 0.00711638]
 [0.00021634 0.00194011 0.00302518 0.00016848 0.00108534 0.00643544]
 [0.00019832 0.00171946 0.0029393  0.00015656 0.0010352  0.00604885]
 [0.00018586 0.00097322 0.00318669 0.00014183 0.00096408 0.00545168]
 [0.00018117 0.00117139 0.0026575  0.00013293 0.00092158 0.00506456]
 [0.00017722 0.00119203 0.00261945 0.00012731 0.00090715 0.00502317]]","[[0.00045416 0.00381464 0.00311546 0.00033308 0.00160082 0.00931816]
 [0.00028611 0.00316914 0.0022186  0.00022825 0.00124045 0.00714255]
 [0.00023579 0.00274403 0.00253879 0.00019194 0.00116988 0.00688043]
 [0.00021003 0.00186216 0.00242928 0.00016821 0.0010787  0.00574837]
 [0.00019292 0.00135239 0.00203037 0.00015628 0.00103013 0.00476209]
 [0.00018001 0.00109181 0.00243898 0.00014164 0.00095838 0.00481082]
 [0.00017517 0.00110027 0.00207764 0.00013263 0.00091533 0.00440102]
 [0.00017115 0.00139331 0.00244551 0.00012715 0.00090072 0.00503784]]",COMPLETE
45,0.06012461706995964,2025-06-13 17:00:08.876767,2025-06-13 17:03:45.724478,0 days 00:03:36.847711,0.9922891333827052,0.0010405442204462806,6,5.155001419387405e-06,0.011544577189314974,0.0011786750070297042,4.506021204305038,0.003582266866315726,0.0029157475462633234,"[[9.90906381e-04 2.33824357e-01 5.46345138e-04 2.54027080e-04
  4.40351339e-03 2.40019158e-01]
 [6.45269349e-04 2.22266957e-01 4.93169704e-04 2.08533907e-04
  3.95209482e-03 2.27566019e-01]
 [5.12821600e-04 1.84902653e-01 4.78133588e-04 1.94449254e-04
  3.84404301e-03 1.89932093e-01]
 [4.33475594e-04 1.08603030e-01 3.75214004e-04 1.81086260e-04
  3.32507817e-03 1.12917878e-01]
 [3.86499451e-04 1.18688963e-01 3.85466847e-04 1.77045280e-04
  2.96447426e-03 1.22602448e-01]
 [4.63539356e-04 1.17313325e-01 3.59666534e-04 2.58136075e-04
  2.58776639e-03 1.20982431e-01]
 [3.69124115e-04 1.01664789e-01 3.72656214e-04 1.77041467e-04
  2.38271547e-03 1.04966328e-01]
 [3.24273948e-04 5.71650974e-02 3.34035634e-04 1.61937540e-04
  2.13927194e-03 6.01246171e-02]]","[[9.24064021e-04 2.30590612e-01 4.91687679e-04 2.53378297e-04
  4.39605676e-03 2.36655802e-01]
 [6.11684984e-04 1.84517279e-01 4.20302677e-04 2.08175770e-04
  3.94195691e-03 1.89699382e-01]
 [5.03438001e-04 1.44932419e-01 4.36589820e-04 1.94097287e-04
  3.82395159e-03 1.49890497e-01]
 [4.26754181e-04 9.91246402e-02 3.28089140e-04 1.80895295e-04
  3.30921682e-03 1.03369594e-01]
 [3.77917138e-04 9.49071422e-02 3.54921853e-04 1.76321526e-04
  2.94647506e-03 9.87627730e-02]
 [4.55791043e-04 1.15499809e-01 3.11138981e-04 2.58560671e-04
  2.57458328e-03 1.19099878e-01]
 [3.60997277e-04 9.95984077e-02 2.89115473e-04 1.76931833e-04
  2.36918544e-03 1.02794632e-01]
 [3.16852267e-04 6.27808720e-02 2.37772867e-04 1.61721517e-04
  2.12888094e-03 6.56260997e-02]]",COMPLETE
46,0.030604630708694458,2025-06-13 17:03:45.724478,2025-06-13 17:06:52.381284,0 days 00:03:06.656806,0.9944167545625126,0.0005372930581852747,5,1.4547214587906448e-06,0.20989850236611024,0.005313605503387637,0.01269027260562037,0.14309610017392338,0.01705774135241274,"[[0.00173187 0.00453815 0.01594618 0.00642114 0.01723953 0.04587688]
 [0.00120934 0.00467026 0.01095962 0.00348228 0.01796298 0.03828449]
 [0.00098915 0.00658426 0.00933458 0.00195683 0.01728549 0.03615031]
 [0.00086565 0.00381952 0.01052276 0.00171631 0.0178614  0.03478564]
 [0.00082564 0.00359269 0.01166785 0.0006669  0.0187601  0.03551318]
 [0.00075474 0.00300508 0.01158213 0.00047284 0.01724634 0.03306112]
 [0.00071914 0.00300244 0.01028428 0.00037977 0.0168856  0.03127123]
 [0.00070178 0.0027706  0.01003934 0.00030306 0.01678985 0.03060463]]","[[0.00169235 0.00450988 0.0107199  0.00648852 0.01758978 0.04100042]
 [0.00117587 0.00469825 0.00925772 0.00349776 0.01786227 0.03649186]
 [0.00095813 0.0046691  0.0106177  0.00196025 0.01719225 0.03539744]
 [0.00083748 0.00379219 0.00947567 0.0017194  0.01777097 0.03359572]
 [0.00079779 0.00375692 0.00919662 0.0006682  0.01866591 0.03308544]
 [0.00072878 0.00342682 0.00981357 0.00047442 0.0171518  0.03159541]
 [0.00069427 0.00342689 0.00821735 0.00038014 0.01679544 0.02951409]
 [0.00067654 0.00347519 0.00866361 0.00030366 0.01670046 0.02981946]]",COMPLETE
47,0.003295834409072995,2025-06-13 17:06:52.381284,2025-06-13 17:10:29.698675,0 days 00:03:37.317391,0.97639129698018,0.00016184389862876323,6,1.9038541133958006e-05,0.0012400708723594267,0.022369887366832753,0.010899684665447738,0.0012527511343704747,0.001696632457317974,"[[0.00502555 0.00214069 0.00063335 0.00075835 0.00069024 0.00924818]
 [0.00323347 0.00090037 0.00039222 0.00046426 0.00051637 0.00550668]
 [0.00276397 0.00044792 0.0002838  0.00036071 0.00041647 0.00427287]
 [0.00252301 0.00067415 0.00023945 0.00031062 0.00035581 0.00410303]
 [0.00237827 0.00041931 0.00021488 0.00025643 0.00031156 0.00358044]
 [0.00229469 0.0007344  0.00021972 0.00023067 0.00028422 0.0037637 ]
 [0.00223677 0.00072121 0.00021297 0.00020264 0.0002591  0.00363268]
 [0.00215898 0.00050546 0.00020038 0.00018515 0.00024586 0.00329583]]","[[0.00489176 0.00166279 0.00053379 0.00094493 0.00131833 0.0093516 ]
 [0.00311528 0.00081959 0.00031458 0.00046663 0.00051153 0.00522761]
 [0.00264745 0.00057415 0.00023787 0.00035557 0.00041356 0.0042286 ]
 [0.00239433 0.00060425 0.00021302 0.0003121  0.00035354 0.00387724]
 [0.00225952 0.00039258 0.00020045 0.00025673 0.00031112 0.0034204 ]
 [0.00215808 0.00066804 0.00017518 0.00023317 0.00028922 0.00352369]
 [0.00210409 0.00048911 0.00018148 0.00020245 0.00025815 0.00323528]
 [0.00201891 0.00038098 0.00016095 0.000185   0.00024501 0.00299085]]",COMPLETE
48,0.003096494125202298,2025-06-13 17:10:29.698675,2025-06-13 17:13:39.929154,0 days 00:03:10.230479,0.9683065574420605,0.0002643790995717011,5,3.7526177010554495e-05,0.0016558744912033442,0.015221969668458082,0.00759875478152919,0.0069289257509588704,0.0024228439725106983,"[[0.00284414 0.0006154  0.00080529 0.00041006 0.00068434 0.00535923]
 [0.00206724 0.00061266 0.00097085 0.00024125 0.00051643 0.00440843]
 [0.00184442 0.00039447 0.0007702  0.00019048 0.00042779 0.00362735]
 [0.00172223 0.00039644 0.00065156 0.00016111 0.00039415 0.00332548]
 [0.00168589 0.00043437 0.00075509 0.00014353 0.00035327 0.00337214]
 [0.00162243 0.00041891 0.00063408 0.00013147 0.00034184 0.00314873]
 [0.00160885 0.00054663 0.00064106 0.00012337 0.00033144 0.00325134]
 [0.00160901 0.00041743 0.0006365  0.00011679 0.00031676 0.00309649]]","[[0.00274933 0.00041686 0.00080168 0.00039094 0.00071789 0.0050767 ]
 [0.00198304 0.00038661 0.00072437 0.00024199 0.00051363 0.00384964]
 [0.00176034 0.00029159 0.00061958 0.00019085 0.00042574 0.00328808]
 [0.00164027 0.00027472 0.00058325 0.00016126 0.00039208 0.00305158]
 [0.00160067 0.00028616 0.00061222 0.00014367 0.00035112 0.00299384]
 [0.00154255 0.00027091 0.00053525 0.00013165 0.00033988 0.00282025]
 [0.00152831 0.00033847 0.00055328 0.00012356 0.00032963 0.00287326]
 [0.00153103 0.00026139 0.00055806 0.00011704 0.00031506 0.00278257]]",COMPLETE
49,0.011382216587662697,2025-06-13 17:13:39.930151,2025-06-13 17:16:56.901081,0 days 00:03:16.970930,0.9745482593073597,0.00022165513743942512,5,8.19643583198709e-06,0.030562811136506145,0.0494718758544088,0.07502491706833016,0.0017048754224376968,0.0014700728582850734,"[[0.0071951  0.00380965 0.00074172 0.00051743 0.00652096 0.01878485]
 [0.00576727 0.00399423 0.00047574 0.00040682 0.00501239 0.01565645]
 [0.00524055 0.00344337 0.00032555 0.00035271 0.00467418 0.01403636]
 [0.00487403 0.00338009 0.00029519 0.00030849 0.00438266 0.01324046]
 [0.00474212 0.00323969 0.00027137 0.00028039 0.00424437 0.01277794]
 [0.00477275 0.00362816 0.00028719 0.00026103 0.00425092 0.01320004]
 [0.00447915 0.00372994 0.00025411 0.00025018 0.00413846 0.01285185]
 [0.00458595 0.00221963 0.00025145 0.00023943 0.00408576 0.01138222]]","[[0.00691239 0.0033208  0.00071994 0.0005176  0.00630642 0.01777716]
 [0.00549866 0.00338573 0.000453   0.0004065  0.00496943 0.01471333]
 [0.0049631  0.00269543 0.00030974 0.00035241 0.00463932 0.01295999]
 [0.0045903  0.002801   0.00027501 0.00030819 0.00434995 0.01232445]
 [0.00440062 0.0032256  0.00025037 0.00028021 0.00421648 0.01237327]
 [0.00438839 0.00270294 0.00026922 0.00026095 0.00422353 0.01184505]
 [0.00401461 0.00230943 0.00024467 0.00024997 0.00411012 0.01092879]
 [0.00426122 0.00259359 0.00024078 0.00023921 0.00405683 0.01139163]]",COMPLETE
50,0.006161913275718689,2025-06-13 17:16:56.901081,2025-06-13 17:20:44.379110,0 days 00:03:47.478029,0.9746689098272028,0.00042795591550926057,6,1.8506694508135916e-05,0.0037940005697804824,0.016554714319468353,0.0034276551496451725,0.04859354633818323,0.003345784929681,"[[0.00316663 0.00061622 0.00473774 0.00045147 0.00082629 0.00979833]
 [0.00243445 0.00028897 0.00433689 0.00036524 0.00088557 0.00831111]
 [0.00209764 0.00027453 0.00378698 0.00022756 0.00062169 0.0070084 ]
 [0.0019344  0.00029783 0.00395214 0.00019714 0.00057468 0.00695619]
 [0.00180438 0.00026074 0.0035185  0.00018747 0.00056205 0.00633313]
 [0.00169934 0.00021276 0.0038156  0.00017188 0.00055335 0.00645292]
 [0.00167833 0.00026178 0.00345693 0.00016317 0.00057292 0.00613314]
 [0.00167871 0.00022462 0.00356861 0.00015444 0.00053553 0.00616191]]","[[0.00305616 0.00067978 0.00462039 0.00045502 0.00083757 0.00964891]
 [0.00233031 0.00046806 0.00445418 0.00034927 0.0008473  0.00844912]
 [0.00200166 0.00037602 0.00375523 0.00022714 0.00061855 0.0069786 ]
 [0.00183397 0.000524   0.00330148 0.00019719 0.00057428 0.00643091]
 [0.00170254 0.00030941 0.00307816 0.00018733 0.00056122 0.00583867]
 [0.00159802 0.00032948 0.00313178 0.00017172 0.00055235 0.00578335]
 [0.00157444 0.00036037 0.00345871 0.0001631  0.00057113 0.00612775]
 [0.00155664 0.00033299 0.00295098 0.00015421 0.00053315 0.00552796]]",COMPLETE
51,0.00429477309808135,2025-06-13 17:20:44.380111,2025-06-13 17:24:25.483550,0 days 00:03:41.103439,0.9814606682759609,0.0007886853280382005,6,2.6936542632229975e-06,0.002289434696291293,0.0012646631607115362,0.08916102777169795,0.02635600340894159,0.078605620634245,"[[0.00059172 0.00380831 0.00419446 0.00120572 0.00079546 0.01059566]
 [0.00035493 0.00388644 0.0026614  0.00084201 0.00065634 0.00840112]
 [0.00030185 0.00375312 0.0024956  0.00064079 0.00057441 0.00776577]
 [0.00027604 0.00414345 0.00224483 0.00051386 0.00051716 0.00769533]
 [0.00024908 0.00342979 0.00178918 0.00046501 0.00045108 0.00638415]
 [0.00022611 0.00243188 0.00194985 0.00038684 0.00041361 0.00540829]
 [0.00020929 0.00270394 0.00197097 0.00036343 0.00039412 0.00564176]
 [0.0002012  0.00155102 0.00182864 0.00033244 0.00038147 0.00429477]]","[[0.00058303 0.00340623 0.00298295 0.00120567 0.00079388 0.00897175]
 [0.0003465  0.00423245 0.00221226 0.00084113 0.00065372 0.00828607]
 [0.00029344 0.00417978 0.0018252  0.00063939 0.00057201 0.00750982]
 [0.00026838 0.00261843 0.00161709 0.00051237 0.00051413 0.0055304 ]
 [0.0002416  0.00262746 0.00154761 0.00046396 0.00044821 0.00532884]
 [0.00021942 0.00217292 0.00139047 0.0003849  0.00041106 0.00457878]
 [0.00020269 0.00209329 0.00144739 0.00036235 0.00039174 0.00449746]
 [0.000195   0.00156101 0.00135382 0.00033157 0.00037948 0.00382088]]",COMPLETE
52,0.01629459671676159,2025-06-13 17:24:25.484549,2025-06-13 17:27:36.304416,0 days 00:03:10.819867,0.98356691151289,0.0004128656444773638,5,2.752072549951435e-06,0.0014934982852629732,0.001926158525216586,0.3977052153813609,0.10497401968808208,0.012382159354935767,"[[0.00111018 0.01590187 0.0093904  0.0013716  0.00053974 0.0283138 ]
 [0.00083191 0.01564082 0.0071387  0.00096698 0.00046394 0.02504236]
 [0.00071689 0.01483366 0.00823197 0.00077824 0.00043877 0.02499954]
 [0.00062895 0.0107679  0.00716986 0.00066596 0.00040082 0.01963349]
 [0.00058019 0.01105829 0.00890008 0.00060335 0.00037378 0.02151568]
 [0.00052887 0.00847127 0.00813778 0.00054328 0.00035692 0.01803812]
 [0.00049525 0.01096216 0.00746365 0.00049983 0.00033264 0.01975352]
 [0.00046331 0.00752714 0.00752751 0.00046615 0.00031049 0.0162946 ]]","[[0.00109347 0.01385071 0.00953259 0.0013644  0.00053009 0.02637126]
 [0.0008177  0.01414629 0.0072663  0.00096572 0.00046109 0.0236571 ]
 [0.00070338 0.01274817 0.00637415 0.00077808 0.00043662 0.02104039]
 [0.00061636 0.0089512  0.00662843 0.00066543 0.00039861 0.01726004]
 [0.00056723 0.01011583 0.00618317 0.00060235 0.00037132 0.01783989]
 [0.00051558 0.00757624 0.00694037 0.00054221 0.00035399 0.0159284 ]
 [0.00048216 0.00947275 0.00627672 0.00049904 0.00032988 0.01706056]
 [0.00045196 0.00798888 0.00650073 0.00046541 0.00030763 0.01571461]]",COMPLETE
53,0.0022111539728939533,2025-06-13 17:27:36.305415,2025-06-13 17:30:48.316745,0 days 00:03:12.011330,0.9757447837399126,0.00016009381764333258,5,2.4315075119699984e-05,0.00495881070295431,0.0066325609736626896,0.006663471111118489,0.0012180006162811833,0.001033135753603264,"[[0.00225081 0.00075113 0.00035963 0.00046862 0.0017038  0.00553399]
 [0.00153111 0.00093664 0.00021776 0.00031403 0.00100851 0.00400805]
 [0.00117382 0.00060923 0.00018022 0.00025749 0.00099748 0.00321823]
 [0.00099935 0.00066119 0.00015649 0.0002123  0.0007752  0.00280453]
 [0.0008969  0.00046626 0.00015629 0.00018981 0.00073777 0.00244703]
 [0.00082849 0.00055437 0.00014246 0.00016938 0.00069726 0.00239195]
 [0.00078601 0.00036474 0.00013566 0.00015383 0.0006838  0.00212405]
 [0.00075905 0.00048037 0.00012953 0.00015049 0.00069171 0.00221115]]","[[0.00219628 0.00069311 0.00028298 0.00052194 0.00165547 0.00534977]
 [0.00148375 0.00058556 0.00017736 0.00031465 0.00100379 0.00356511]
 [0.00113173 0.00046607 0.00014452 0.00026156 0.00120493 0.00320881]
 [0.00096094 0.00042493 0.00014039 0.00021174 0.00076857 0.00250658]
 [0.00086041 0.00037174 0.00013072 0.00018925 0.00073171 0.00228383]
 [0.00079287 0.00044559 0.00013407 0.00016887 0.00069149 0.0022329 ]
 [0.00075143 0.00040893 0.00012421 0.00015336 0.00067851 0.00211645]
 [0.00072515 0.00034604 0.00011918 0.00015    0.00068636 0.00202673]]",COMPLETE
54,0.004025226458907127,2025-06-13 17:30:48.317744,2025-06-13 17:33:26.754969,0 days 00:02:38.437225,0.9802340033274219,0.00012868363605370603,4,8.02756835322336e-05,0.011501153383654166,0.013541437571988531,0.003265087657494159,0.006180558243768834,0.0015859414427344702,"[[0.00354726 0.0004842  0.00080299 0.00085907 0.00269318 0.0083867 ]
 [0.0024894  0.00049285 0.00070126 0.00047772 0.00158869 0.00574992]
 [0.00202388 0.00039308 0.00067021 0.00037449 0.00141775 0.00487941]
 [0.00182651 0.00028153 0.00067316 0.00033225 0.00134404 0.0044575 ]
 [0.00173696 0.00027668 0.0006357  0.0003108  0.0013094  0.00426954]
 [0.00168594 0.00028618 0.00062529 0.00029186 0.00126239 0.00415166]
 [0.00166081 0.00032713 0.0006643  0.00028956 0.00126833 0.00421014]
 [0.00165181 0.00026463 0.00059764 0.00027664 0.0012345  0.00402523]]","[[0.00346422 0.00052256 0.00068337 0.00084008 0.00229786 0.0078081 ]
 [0.00240902 0.00057742 0.00067229 0.0004772  0.00158095 0.00571689]
 [0.00194713 0.0005232  0.0006531  0.00037392 0.00141035 0.0049077 ]
 [0.00175352 0.00040815 0.00060758 0.00033173 0.00133626 0.00443723]
 [0.00166488 0.00042692 0.00064346 0.0003104  0.0013022  0.00434785]
 [0.00161403 0.00045644 0.00058031 0.00029155 0.00125671 0.00419904]
 [0.00158798 0.00038517 0.00066457 0.00028925 0.00126234 0.00418931]
 [0.00158197 0.00041072 0.00057647 0.00027632 0.00122922 0.0040747 ]]",COMPLETE
55,0.009284685365855694,2025-06-13 17:33:26.755969,2025-06-13 17:37:06.772694,0 days 00:03:40.016725,0.9923973192437253,0.00012521245828135864,6,3.8036421680390475e-05,0.001645577735023917,0.07176459594163147,0.03228067357329981,0.0054129119512240104,0.013252670046936083,"[[0.01345009 0.0022432  0.00132677 0.00352024 0.00153125 0.02207154]
 [0.00937517 0.00130022 0.00099549 0.00119646 0.0007175  0.01358484]
 [0.00830906 0.00138481 0.00084388 0.00086498 0.00061435 0.01201708]
 [0.00773908 0.00122001 0.00078294 0.00072457 0.00056058 0.01102718]
 [0.00738745 0.00123551 0.00074434 0.00060281 0.00050867 0.01047878]
 [0.0070433  0.00112669 0.00070708 0.00053281 0.00047589 0.00988577]
 [0.00711201 0.00187471 0.00067805 0.00049499 0.00046232 0.01062208]
 [0.00674399 0.00104503 0.00060559 0.00045028 0.00043979 0.00928469]]","[[0.01301956 0.00238587 0.00125196 0.0045573  0.00208565 0.02330033]
 [0.00900687 0.00158723 0.00086142 0.00123782 0.00078586 0.01347919]
 [0.00793293 0.00164492 0.00075016 0.00087493 0.00061704 0.01181999]
 [0.00734762 0.00142344 0.00066729 0.00073913 0.00056196 0.01073944]
 [0.00696893 0.00121964 0.00063777 0.00060469 0.00050738 0.00993842]
 [0.00659342 0.0011147  0.00061773 0.00053474 0.00047401 0.0093346 ]
 [0.00663755 0.00170321 0.00063513 0.0004963  0.00046089 0.00993307]
 [0.0061368  0.00084775 0.0005615  0.00045178 0.00043787 0.00843569]]",COMPLETE
56,0.005254180170595646,2025-06-13 17:37:06.772694,2025-06-13 17:39:47.926845,0 days 00:02:41.154151,0.9752789660257352,0.00010449284063823131,4,9.800561959269565e-05,0.0052576892984077155,0.036859056438901895,0.002884677021438456,0.002339508238383968,0.0017923512811851652,"[[0.00803528 0.00035314 0.00076783 0.00075796 0.00159558 0.0115098 ]
 [0.00539192 0.00035733 0.00049799 0.00049503 0.00090503 0.00764731]
 [0.00456628 0.00027931 0.00036667 0.00040038 0.00076669 0.00637934]
 [0.00418651 0.00036787 0.00033132 0.00034965 0.00070657 0.00594192]
 [0.00400039 0.00028569 0.00031089 0.00032681 0.00070479 0.00562857]
 [0.00386243 0.00034785 0.00027901 0.00030602 0.00067501 0.00547033]
 [0.00380518 0.00028163 0.00026883 0.00029226 0.00067439 0.00532229]
 [0.00376878 0.00024762 0.00027743 0.00028417 0.00067617 0.00525418]]","[[0.0078091  0.00032566 0.00073903 0.0007546  0.00151477 0.01114317]
 [0.00518284 0.00042337 0.00043989 0.00049553 0.00090583 0.00744746]
 [0.0043628  0.00035693 0.00030529 0.00039982 0.00076496 0.00618981]
 [0.00398852 0.00049304 0.00026852 0.00034884 0.0007036  0.00580252]
 [0.00379895 0.00035216 0.00026332 0.00032593 0.00070172 0.00544208]
 [0.00367459 0.00046448 0.00025035 0.00030524 0.00067241 0.00536708]
 [0.00362467 0.00039572 0.00025321 0.00029156 0.00067225 0.00523741]
 [0.00358488 0.00036834 0.00026635 0.00028351 0.00067325 0.00517633]]",COMPLETE
57,0.0053990972228348255,2025-06-13 17:39:47.926845,2025-06-13 17:42:57.090778,0 days 00:03:09.163933,0.96761800510267,0.00014051351305392263,5,5.520528750414809e-06,0.001358421119509243,0.03759973390368688,0.004669316285673553,0.009304020356098393,0.0021897051671596578,"[[0.007354   0.00042932 0.00122524 0.00065978 0.00094466 0.010613  ]
 [0.00511289 0.0002804  0.00113411 0.00039714 0.00063571 0.00756025]
 [0.00456968 0.00037509 0.00131037 0.00030605 0.00052055 0.00708174]
 [0.00415304 0.00024883 0.00118136 0.00024538 0.00047389 0.0063025 ]
 [0.0039936  0.00017967 0.00091986 0.00022054 0.00041953 0.00573321]
 [0.00377789 0.00032476 0.00092316 0.00018697 0.00037893 0.00559172]
 [0.00376086 0.00025334 0.00098086 0.00016838 0.00033416 0.0054976 ]
 [0.00374288 0.00020866 0.00094187 0.00016118 0.00034451 0.0053991 ]]","[[0.00712022 0.00046867 0.0012358  0.00061833 0.00091198 0.01035499]
 [0.00490439 0.00029445 0.00101163 0.00039072 0.00062835 0.00722953]
 [0.00437489 0.00034156 0.0011743  0.00030135 0.00051647 0.00670857]
 [0.00395374 0.00023856 0.000951   0.00024224 0.00046966 0.0058552 ]
 [0.00379195 0.00016989 0.00084312 0.00021377 0.00041402 0.00543276]
 [0.00354748 0.00030983 0.00084692 0.00018499 0.00037339 0.00526262]
 [0.00347646 0.00026722 0.00081191 0.0001681  0.00033119 0.00505488]
 [0.00342011 0.00017759 0.00081292 0.00015975 0.00034163 0.00491201]]",COMPLETE
58,0.021492432802915573,2025-06-13 17:42:57.091282,2025-06-13 17:45:29.015252,0 days 00:02:31.923970,0.9861768064050538,0.00012399642715711634,3,7.038646860577978e-05,0.11964944934749665,0.0033458946690618488,0.03302379987725399,0.04188494595010942,0.0012306988849982068,"[[0.00195852 0.00918053 0.00441747 0.00292371 0.01089396 0.02937419]
 [0.00149561 0.00934032 0.00454589 0.00225244 0.0101585  0.02779276]
 [0.00127795 0.00883439 0.00422887 0.00207246 0.00987305 0.02628672]
 [0.0011656  0.01124741 0.00427138 0.00142994 0.00983847 0.02795279]
 [0.00107978 0.00752688 0.00419298 0.00141061 0.00964994 0.0238602 ]
 [0.00102886 0.00753046 0.0040754  0.00130199 0.00957545 0.02351216]
 [0.00098783 0.00643877 0.00368886 0.00134224 0.00951917 0.02197687]
 [0.00095592 0.00529672 0.00457357 0.00122225 0.00944397 0.02149243]]","[[0.0019361  0.01068389 0.00436598 0.00291797 0.01112151 0.03102546]
 [0.00147353 0.00949248 0.00365485 0.00225273 0.01011488 0.02698847]
 [0.00125598 0.01014593 0.00375867 0.00207472 0.00982489 0.02706021]
 [0.00114399 0.00926681 0.00339939 0.00143534 0.00978677 0.0250323 ]
 [0.00105896 0.0082124  0.00316157 0.00141702 0.00959841 0.02344837]
 [0.00100811 0.00814144 0.0036262  0.0013063  0.00952345 0.0236055 ]
 [0.00096729 0.00801808 0.00304899 0.00134649 0.00946957 0.02285042]
 [0.00093565 0.00597569 0.00324667 0.00122467 0.00939257 0.02077525]]",COMPLETE
59,0.010591264814138412,2025-06-13 17:45:29.016253,2025-06-13 17:48:31.826029,0 days 00:03:02.809776,0.9729906039073406,0.0002217079569938096,4,2.6926389216679915e-05,0.1060585085448828,0.0026207043123370032,0.00445558319116884,0.001389518124067694,0.011483522256716252,"[[0.00092371 0.00170172 0.00018986 0.00317464 0.00884002 0.01482995]
 [0.00068944 0.00164378 0.00017507 0.0015165  0.00883884 0.01286362]
 [0.00057099 0.00141539 0.00016105 0.00091639 0.00861635 0.01168019]
 [0.00049376 0.00132732 0.00016881 0.00070465 0.00848414 0.01117867]
 [0.00044016 0.0012394  0.00015427 0.00062196 0.00845104 0.01090683]
 [0.00040968 0.00127412 0.00014472 0.00054973 0.00841051 0.01078875]
 [0.00038715 0.00131198 0.00015019 0.00051531 0.00826345 0.01062809]
 [0.00037496 0.00124961 0.00014531 0.00047808 0.00834331 0.01059126]]","[[0.00090527 0.002164   0.00018369 0.00316134 0.00879415 0.01520846]
 [0.00067174 0.00199244 0.00016453 0.00151019 0.008789   0.0131279 ]
 [0.00055325 0.00167959 0.00015131 0.00091296 0.00856736 0.01186447]
 [0.00047674 0.00161755 0.0001435  0.00070233 0.00843519 0.01137531]
 [0.00042433 0.00153051 0.00013865 0.00061954 0.0084024  0.01111542]
 [0.00039445 0.0015832  0.00013696 0.00054784 0.00836099 0.01102344]
 [0.00037175 0.00163046 0.00013345 0.0005136  0.00821504 0.01086431]
 [0.00036022 0.00143517 0.00013141 0.00047726 0.00829523 0.01069929]]",COMPLETE
